ScientificName,VernacularName
Platycnemis pennipes,Blue Featherleg
Asplenium ruta-muraria,Wall rue
Calopteryx virgo,Beautiful Demoiselle
Cygnus olor,Mute Swan
Mikiola fagi,Mikiola+fagi
Corvus cornix,Hooded Crow
Columba livia forma domestica,Columba+livia+forma+domestica
Alces alces,Elk
Leptinotarsa decemlineata,Colorado Beetle
Betula spec.,Betula+spec.
Geotrupini indet.,Geotrupini+indet.
Chrysochraon dispar,Large Golden Grasshopper
Calidris alba,Sanderling
Helophilus pendulus,Helophilus+pendulus
Mercurialis perennis,Dog's Mercury
Tanacetum vulgare,Tansy
Aglais urticae,Small Tortoiseshell
Impatiens parviflora,Small Balsam
Stercorarius parasiticus,Parasitic Jaeger
Epiblema foenella,Epiblema+foenella
Ardea cinerea cinerea,Grey Heron ssp cinerea
Falco peregrinus,Peregrine Falcon
Erebia aethiops,Scotch Argus
Polistes dominula,European Paper Wasp
Acrocephalus schoenobaenus,Sedge Warbler
Apis mellifera,Honey bee
Emberiza citrinella,Yellowhammer
Lanius collurio,Red-backed Shrike
Omocestus viridulus,Common Green Grasshopper
Rutpela maculata,Rutpela+maculata
Dorcus parallelipipedus,Lesser Stag Beetle
Arctia caja,Garden Tiger
Polyommatus icarus,Common Blue
Issoria lathonia,Queen of Spain Fritillary
Nucifraga caryocatactes,Spotted Nutcracker
Geotrupes stercorosus,Geotrupes+stercorosus
Sphinx pinastri,Pine Hawk-moth
Oedipoda caerulescens,Blue-winged Grasshopper
Lycaena phlaeas,Small Copper
Aglais io,Peacock
Aphantopus hyperantus,Ringlet
Sympetrum spec.,Sympetrum+spec.
Gymnadenia conopsea,Chalk Fragrant-orchid
Hydroprogne caspia,Caspian Tern
Helophilus trivittatus,Trivittate Marsh Fly
Melitaea diamina,False Heath Fritillary
Ciconia nigra,Black Stork
Asarum europaeum,Asarabacca
Araschnia levana,Map Butterfly
Pica pica,Eurasian Magpie
Lycaena virgaureae,Scarce Copper
Cetonia aurata,Rose Chafer
Motacilla flava,Western Yellow Wagtail
Luscinia svecica,Bluethroat
Heptagenia flava,Heptagenia+flava
Volucella zonaria,Volucella+zonaria
Emberiza schoeniclus,Common Reed Bunting
Vespa crabro,Hornet
Eristalis tenax,Drone Fly
Chorthippus albomarginatus,Lesser Marsh Grasshopper
Harmonia axyridis f. spectabilis,Harmonia+axyridis+f.+spectabilis
Haliaeetus albicilla,White-tailed Eagle
Circus aeruginosus,Western Marsh Harrier
Nymphalis antiopa,Camberwell Beauty
Stachys palustris,Marsh Woundwort
Dendrocopos leucotos,White-backed Woodpecker
Vanessa atalanta,Red Admiral
Acrocephalus paludicola,Aquatic Warbler
Dendrocoptes medius,Middle Spotted Woodpecker
Chelidonium majus,Greater Celandine
Tringa glareola,Wood Sandpiper
Oxythyrea funesta,White Spotted Rose Chafer beetle
Cardamine bulbifera,Coralroot
Melampyrum pratense,Common Cow-wheat
Mimas tiliae,Lime Hawk-moth
Calopteryx splendens,Banded Demoiselle
Thyatira batis,Peach Blossom
Chorthippus brunneus,Field Grasshopper
Papilio machaon,Swallowtail
Phegopteris connectilis,Beech Fern
Epipactis atrorubens,Dark red Helleborine
Coccinella septempunctata,Seven-spot Ladybird
Chroicocephalus ridibundus,Black-headed Gull
Stenurella melanura,Stenurella+melanura
Argynnis paphia,Silver-washed Fritillary
Grus grus,Common Crane
Paris quadrifolia,Herb Paris
Sambucus racemosa,Red berried Elder
Picus canus,Grey-headed Woodpecker
Tenebrio molitor,Mealworm beetle
Phylloscopus collybita,Common Chiffchaff
Galeopsis speciosa,Large flowered Hemp nettle
Upupa epops,Eurasian Hoopoe
Xestia c-nigrum,Setaceous Hebrew Character
Garrulus glandarius,Eurasian Jay
Digitalis spec.,Digitalis+spec.
Sphaerophoria spec.,Sphaerophoria+spec.
Trientalis europaea,Chickweed Wintergreen
Corvus frugilegus,Rook
Pyrrhocoris apterus,Firebug
Bombina variegata,Yellow-bellied Toad
Lomaspilis marginata,Clouded Border
Epilobium hirsutum,Great Hairy Willowherb
Orthetrum cancellatum,Black-tailed Skimmer
Glischrochilus quadrisignatus,Glischrochilus+quadrisignatus
Chlidonias leucopterus,White-winged Tern
Sympetrum sanguineum,Ruddy Darter
Carpodacus erythrinus,Common Rosefinch
Butomus umbellatus,Flowering-rush
Trichodes apiarius,Trichodes+apiarius
Jynx torquilla,Eurasian Wryneck
Myodes glareolus,Bank Vole
Poecile montanus,Willow Tit
Impatiens glandulifera,Himalayan Balsam
Pholidoptera griseoaptera,Dark Bush-cricket
Episyrphus balteatus,Marmalade hoverfly
Podiceps grisegena,Red-necked Grebe
Cydalima perspectalis,Box-tree Moth
Echium vulgare,Common viper's bugloss
Ciconia ciconia,White Stork
Rhagonycha fulva,Common Red Soldier Beetle
Geotrupes vernalis,Spring dor beetle
Sterna hirundo,Common Tern
Clanga pomarina,Lesser Spotted Eagle
Syritta pipiens,Syritta+pipiens
Ardea alba,Great Egret
Dactylorhiza viridis,Frog Orchid
Geotrupidae indet.,Geotrupidae+indet.
Chorthippus dorsatus,Steppe grasshopper
Amphimallon solstitiale,Summer Chafer
Melampyrum sylvaticum,Small Cow wheat
Tetrastes bonasia,Hazel Grouse
Prionus coriarius,Tanner Beetle
Cerambycidae indet.,Cerambycidae+indet.
Lycaena tityrus,Sooty Copper
Aromia moschata,Musk beetle
Myrmeleotettix maculatus,Mottled Grasshopper
Stenurella nigra,Stenurella+nigra
Calliptamus italicus,Italian Locust
Polemonium caeruleum,Jacob's-ladder
Achillea spec.,Achillea+spec.
Hylotrupes bajulus,Old house borer
Phoenicurus ochruros,Black Redstart
Motacilla cinerea,Grey Wagtail
Spilosoma lutea,Buff Ermine
Phengaris arion,Large Blue
Ailanthus altissima,Tree-of-Heaven
Lilium martagon,Martagon lily
Vanessa cardui,Painted Lady
Symphyta indet.,Symphyta+indet.
Aporia crataegi,Black-veined White
Polygonia c-album,Comma Butterfly
Melolontha melolontha,Cockchafer
Emberiza calandra,Corn Bunting
Eristalis pertinax,Tapered Dronefly
Coenonympha pamphilus,Small Heath
Leptura quadrifasciata,Leptura+quadrifasciata
Argiope bruennichi,Wasp Spider
Talpa europaea,European Mole
Anchusa officinalis,Alkanet
Volucella pellucens,Volucella+pellucens
Vulpes vulpes,Red Fox
Carabus coriaceus,Carabus+coriaceus
Chloantha hyperici,Pale-shouldered Cloud
Amanita muscaria,Fly Agaric
Anthus trivialis,Tree Pipit
Mantis religiosa,Praying Mantis
Chorthippus biguttulus-group,Chorthippus+biguttulus-group
Melanargia galathea,Marbled White
Saxicola rubicola,European Stonechat
Furcula bicuspis,Alder Kitten
Conocephalus spec.,Conocephalus+spec.
Viscum album,Mistletoe
Stenobothrus lineatus,Stripe-winged Grasshopper
Phylloscopus sibilatrix,Wood Warbler
Celastrina argiolus,Holly Blue
Calidris canutus,Red Knot
Anomala dubia,Dune chafer
Cossus cossus,Goat Moth
Gryllus campestris,Field Cricket
Stictoleptura rubra,Stictoleptura+rubra
Rhynocoris iracundus,Red Assassin Bug
Agapeta zoegana,Agapeta+zoegana
Passer montanus,Eurasian Tree Sparrow
Glaucidium passerinum,Eurasian Pygmy Owl
Erebia medusa,Woodland Ringlet
Sciurus vulgaris,Eurasian Red Squirrel
Maniola jurtina,Meadow Brown
Drosera rotundifolia,Round leaved Sundew
Buteo buteo,Common Buzzard
Mycelis muralis,Wall lettuce
Serica brunnea,Brown Chafer
Chiasmia clathrata,Latticed Heath
Diaperis boleti,Diaperis+boleti
Capreolus capreolus,European Roe Deer
Chorthippus apricarius,Upland Field Grasshopper
Dactylorhiza incarnata subsp. ochroleuca,Dactylorhiza+incarnata+subsp.+ochroleuca
Onychogomphus forcipatus,Small Pincertail
Acronicta aceris,The Sycamore
Gryllotalpa gryllotalpa,Mole cricket
Decticus verrucivorus,Wart-Biter
Calidris alpina,Dunlin
Picoides tridactylus,Eurasian Three-toed Woodpecker
Anania hortulata,Small Magpie
Graphosoma italicum,Striped shield bug
Chorthippus spec.,Chorthippus+spec.
Palomena prasina,Green Shieldbug
Tetrix subulata,Slender Ground-hopper
Cystopteris fragilis,Brittle Bladder Fern
Cyllecoris histrionius,Cyllecoris+histrionius
Stenotus binotatus,Stenotus+binotatus
Bufo bufo,Common Toad
Coenosia tigrina,Coenosia+tigrina
Lanius excubitor,Great Grey Shrike
Gonepteryx rhamni,Brimstone
Filipendula ulmaria,Meadowsweet
Phasianus colchicus,Common Pheasant
Campaea margaritaria,Light Emerald
Dendrocopos major,Great Spotted Woodpecker
Muscicapa striata,Spotted Flycatcher
Rhizocarpon lecanorinum,Crescent map lichen
Gentiana asclepiadea,Willow Gentian
Maianthemum bifolium,May Lily
Turdus pilaris,Fieldfare
Pseudochorthippus parallelus,Meadow Grasshopper
Carpocoris fuscispinus,Carpocoris+fuscispinus
Phryganea grandis,Phryganea+grandis
Roeseliana roeselii,Roesel's Bush-cricket
Oriolus oriolus,Eurasian Golden Oriole
Phyllopertha horticola,Garden Chafer
Coenagrion puella,Azure Bluet
Pieris napi,Green-veined White
Xylotrechus rusticus,Xylotrechus+rusticus
Dolycoris baccarum,Hairy Shieldbug
Parnassia palustris,Grass of Parnassus
Ficedula albicollis,Collared Flycatcher
Spilosoma lubricipeda,White Ermine
Pinthaeus sanguinipes,Pinthaeus+sanguinipes
Stethophyma grossum,Large Marsh Grasshopper
Ethmia quadrillella,Ethmia+quadrillella
Podiceps nigricollis,Black-necked Grebe
Harmonia axyridis,Harlequin ladybird
Iphiclides podalirius,Scarce Swallowtail
Volucella bombylans,Volucella+bombylans
Swertia perennis,Felwort
Solanum dulcamara,Bittersweet
Poecile palustris,Marsh Tit
Perca fluviatilis,European perch
Gonocerus acuteangulatus,Box bug
Anthus campestris,Tawny Pipit
Cteniopus sulphureus,Cteniopus+sulphureus
Synanthedon formicaeformis,Red-tipped Clearwing
Petasites spurius,Petasites+spurius
Rissa tridactyla,Black-legged Kittiwake
Corizus hyoscyami,Cinnamon bug
Juniperus communis,Juniper
Xylota sylvarum,Xylota+sylvarum
Porzana porzana,Spotted Crake
Nepa cinerea,Water scorpion
Thanasimus formicarius,Thanasimus+formicarius
Linaria cannabina,Common Linnet
Lysimachia vulgaris,Garden yellow loosestrife
Protaetia marmorata,Protaetia+marmorata
Prunella vulgaris,Selfheal
Nemophora degeerella,Longhorn Moth
Chrysotoxum fasciolatum,Chrysotoxum+fasciolatum
Andrena fulva,Tawny Mining Bee
Harpyia milhauseri,Tawny Prominent
Harmonia axyridis f. succinea,Harmonia+axyridis+f.+succinea
Chrysops relictus,Chrysops+relictus
Lacerta agilis,Sand Lizard
Apatura ilia,Lesser Purple Emperor
Eriothrix rufomaculatus,Eriothrix+rufomaculatus
Neottia ovata,Common Twayblade
Chrysanthia geniculata,Chrysanthia+geniculata
Psychoda alternata,Psychoda+alternata
Pieris brassicae,Large White
Lycaena alciphron,Purple-shot Copper
Oryctes nasicornis,European Rhinoceros Beetle
Psyllobora vigintiduopunctata,22 spot ladybird
Serinus serinus,European Serin
Melampyrum nemorosum agg.,Melampyrum+nemorosum+agg.
Melitaea didyma,Spotted Fritillary
Larus cachinnans,Caspian Gull
Pseudovadonia livida,Fairy-ring Longhorn Beetle
Sedum acre,Biting Stonecrop
Macroglossum stellatarum,Humming-bird Hawk Moth
Hirundo rustica,Barn Swallow
Huperzia selago,Fir clubmoss
Adelphocoris lineolatus,Lucerne Bug
Meliscaeva auricollis,Meliscaeva+auricollis
Eragrostis minor,Lesser love grass
Falco tinnunculus,Common Kestrel
Milvus milvus,Red Kite
Armoracia rusticana,Horse-radish
Ardea cinerea,Grey Heron
Chrysolina fastuosa,Dead-Nettle Leaf Beetle
Cichorium intybus,Chicory
Nycticorax nycticorax,Black-crowned Night Heron
Medicago falcata,Sickle Medick
Ematurga atomaria,Common Heath
Fringilla coelebs,Common Chaffinch
Coreus marginatus,Coreus+marginatus
Thymelicus sylvestris,Small Skipper
Euplexia lucipara,Small Angle Shades
Tettigonia cantans,Upland Green Bush-cricket
Comarum palustre,Marsh Cinquefoil
Clytra quadripunctata,Clytra+quadripunctata
Tropidia scita,Tropidia+scita
Pentatoma rufipes,Red-legged Shieldbug
Spondylis buprestoides,Spondylis+buprestoides
Gentiana punctata,Spotted gentian
Melitaea cinxia,Glanville Fritillary
Deltote bankiana,Silver Barred
Tetrix undulata,Common Ground-hopper
Pheosia tremula,Swallow Prominent
Ononis arvensis,Field restharrow
Miridae indet.,Miridae+indet.
Echinocystis lobata,Wild mockcucumber
Saturnia pavonia,Emperor Moth
Gonioctena decemnotata,Gonioctena+decemnotata
Lymantria dispar,Gypsy Moth
Zootoca vivipara,Common Lizard
Motacilla citreola,Citrine Wagtail
Sus scrofa,Wild Boar
Saxicola rubetra,Whinchat
Pandion haliaetus,Osprey
Libellula fulva,Scarce Chaser
Veratrum album,White false hellebore
Brenthis daphne,Marbled Fritillary
Acontia trabealis,Spotted Sulphur
Pseudopanthera macularia,Speckled Yellow
Berteroa incana,Hoary Alison
Chrysotoxum bicinctum,Two-banded Wasp Hoverfly
Phaneroptera falcata,Sickle-bearing Bush-cricket
Eristalis spec.,Eristalis+spec.
Euplagia quadripunctaria,Jersey Tiger
Dolichus halensis,Dolichus+halensis
Acer campestre,Field Maple
Luscinia luscinia,Thrush Nightingale
Prunella collaris,Alpine Accentor
Oiceoptoma thoracicum,Red-breasted Carrion Beetle
Calla palustris,Bog Arum
Lucanus cervus,Stag Beetle
Delichon urbicum,Common House Martin
Cervus elaphus,Red Deer
Picus viridis,European Green Woodpecker
Barbitistes constrictus,Eastern Saw-tailed Bush cricket
Agrypnus murina,Agrypnus+murina
Larus michahellis,Yellow-legged Gull
Securigera varia,Crown Vetch
Scardinius erythrophthalmus,Rudd
Calidris pugnax,Ruff
Anax parthenope,Lesser Emperor
Rhaphigaster nebulosa,Mottled Shieldbug
Clytra laeviuscula,Clytra+laeviuscula
Thymelicus lineola,Essex Skipper
Diacrisia sannio,Clouded Buff
Ephemera danica,Green drake
Charanyca trigrammica,Treble Lines
Pyrochroa coccinea,Black-headed Cardinal Beetle
Oxycarenus lavaterae,Oxycarenus+lavaterae
Leptophyes punctatissima,Speckled Bush-cricket
Rhynocoris annulatus,Rhynocoris+annulatus
Rhagium inquisitor,Ribbed pine borer
Lygus spec.,Lygus+spec.
Rhabdomiris striatellus,Striped Oak Bug
Alliaria petiolata,Garlic Mustard
Speyeria aglaja,Dark Green Fritillary
Aiolopus thalassinus,Aiolopus+thalassinus
Apatura iris,Purple Emperor
Stagonomus venustissimus,Woundwort Shieldbug
Pantilius tunicatus,Pantilius+tunicatus
Trachea atriplicis,Orache Moth
Carpocoris purpureipennis,Carpocoris+purpureipennis
Orthops spec.,Orthops+spec.
Chorthippus biguttulus,Bow-winged grasshopper
Grypocoris sexguttatus,Grypocoris+sexguttatus
Tettigonia viridissima,Great Green Bush-cricket
Geometra papilionaria,Large Emerald
Isophya spec.,Isophya+spec.
Hepatica nobilis,Liverleaf
Fagus sylvatica,Common Beech
Pennisetia hylaeiformis,Raspberry clearwing
Synanthedon spheciformis,White-barred Clearwing
Chaerophyllum aromaticum,Broad-leaved Chervil
Ranatra linearis,Water Stick-insect
Aphodius distinctus,Aphodius+distinctus
Morus bassanus,Northern Gannet
Phosphuga atrata,Black Snail Beetle
Notodonta dromedarius,Iron Prominent
Pheosia gnoma,Lesser Swallow Prominent
Lampyris noctiluca,Glow-worm
Kleidocerys resedae,Kleidocerys+resedae
Mythimna albipuncta,White-point
Evergestis forficalis,Evergestis+forficalis
Strix aluco,Tawny Owl
Limax cinereoniger,Ash-black Slug
Calliteara pudibunda,Pale Tussock
Ampedus sanguinolentus,Ampedus+sanguinolentus
Ficaria verna,Lesser Celandine
Periparus ater,Coal Tit
Gluphisia crenata,Dusky Marbled Brown
Ligdia adustata,Scorched Carpet
Drymonia dodonaea,Marbled Brown
Sympecma paedisca,Siberian Winter Damsel
Remiz pendulinus,Eurasian Penduline Tit
Alauda arvensis,Eurasian Skylark
Gomphus vulgatissimus,Common Clubtail
Squalius cephalus,Chub
Passer domesticus,House Sparrow
Pyrrhosoma nymphula,Large Red Damselfly
Sitta europaea,Eurasian Nuthatch
Trichodes alvearius,Trichodes+alvearius
Craniophora ligustri,The Coronet
Colocasia coryli,Nut-tree Tussock
Lomographa bimaculata,White-pinion Spotted
Diaphora mendica,Muslin Moth
Phalera bucephala,Buff-tip
Ficedula parva,Red-breasted Flycatcher
Pelobates fuscus,Common Eurasian Spadefoot
Corylus avellana,Common Hazel
Stellaria holostea,Greater Stitchwort
Agrotis exclamationis,Heart and Dart
Tussilago farfara,Colt's-foot
Galium odoratum,Woodruff
Petrophora chlorosata,Brown Silver-line
Cordulia aenea,Downy Emerald
Cygnus cygnus,Whooper Swan
Ulmus spec.,Ulmus+spec.
Geum rivale,Water Avens
Helix pomatia,Escargot
Perdix perdix,Grey Partridge
Taraxacum spec.,Taraxacum+spec.
Sylvia atricapilla,Eurasian Blackcap
Streptopelia decaocto,Eurasian Collared Dove
Aeshna isoceles,Green-eyed Hawker
Euthrix potatoria,Drinker
Brachycentrus subnubilus,Grannom or Greentail
Anser anser,Greylag Goose
Pseudoips prasinana,Green Silver-lines
Nicrophorus humator,Black Sexton Beetle
Ilex aquifolium,Holly
Anemone nemorosa,Wood Anemone
Mergus merganser,Common Merganser
Scoliopteryx libatrix,Herald
Bucephala clangula,Common Goldeneye
Epidalea calamita,Natterjack
Chlidonias hybrida,Whiskered Tern
Myotis myotis,Greater Mouse-eared Bat
Strix uralensis,Ural Owl
Esox lucius,Northern pike
Hypena rostralis,Buttoned Snout
Limenitis populi,Poplar Admiral
Ptilodon capucina,Coxcomb Prominent
Hypena proboscidalis,Snout
Lamium purpureum,Red Dead-nettle
Oenanthe oenanthe,Northern Wheatear
Phalacrocorax carbo,Great Cormorant
Viburnum opulus,Guelder-rose
Arion rufus/vulgaris,Red Slug
Carabus clatratus,Carabus+clatratus
Rana temporaria,Common Frog
Brachytron pratense,Hairy Hawker
Canis lupus,Wolf
Sorex araneus/coronatus,Common Shrew
Spinus spinus,Eurasian Siskin
Hyoscyamus niger,Black henbane
Macrothylacia rubi,Fox Moth
Cataclysta lemnata,Small China-mark
Ochropleura plecta,Flame Shoulder
Callophrys rubi,Green Hairstreak
Cabera exanthemata,Common Wave
Libellula depressa,Broad-bodied Chaser
Deltote deceptoria,Pretty Marbled
Denticollis linearis,Denticollis+linearis
Clostera curtula,Chocolate-tip
Ecliptopera silaceata,Small Phoenix
Rangia cuneata,Atlantic Rangia
Galium aparine,Cleavers
Ischnura elegans,Common Bluetail
Glechoma hederacea,Ground-ivy
Lutra lutra,Eurasian Otter
Teesdalia nudicaulis,Barestem teesdalia
Accipiter nisus,Eurasian Sparrowhawk
Vertigo moulinsiana,Desmoulin's whorl snail
Sturnus vulgaris,Common Starling
Cobitis taenia,Spined loach
Chloris chloris,European Greenfinch
Botaurus stellaris,Eurasian Bittern
Lysimachia nummularia,Creeping-Jenny
Pleuroptya ruralis,Mother of Pearl
Parus major,Great Tit
Silene flos-cuculi,Ragged Robin
Pelurga comitata,Dark Spinach
Abraxas sylvata,Clouded Magpie
Emberiza hortulana,Ortolan Bunting
Veronica officinalis,Heath Speedwell
Bembix rostrata,Common European Sand Wasp
Ichneumoninae indet.,Ichneumoninae+indet.
Veronica longifolia,Long leaved Speedwell
Lepus europaeus,European Hare
Falcaria lacertinaria,Scalloped Hook-tip
Gallinago gallinago,Common Snipe
Phragmatobia fuliginosa,Ruby Tiger
Idaea emarginata,Small Scallop
Meconema thalassinum,Oak Bush-cricket
Spargania luctuata,White-banded Carpet
Natrix natrix,European Grass Snake
Tryphoninae indet.,Tryphoninae+indet.
Deilephila porcellus,Small Elephant Hawk-moth
Epione repandaria,Bordered Beauty
Cochlodina laminata,Plaited door snail
Xorides spec.,Xorides+spec.
Lasioglossum spec.,Lasioglossum+spec.
Leucoma salicis,White Satin Moth
Calamia tridens,Burren Green
Campopleginae indet.,Campopleginae+indet.
Callimorpha dominula,Scarlet Tiger
Netelia spec.,Netelia+spec.
Sphex funerarius,Sphex+funerarius
Coenonympha glycerion,Chestnut Heath
Silene viscaria,Sticky Catchfly
Thymelicus spec.,Thymelicus+spec.
Brachycera indet.,Brachycera+indet.
Faxonius limosus,Spinycheek Crayfish
Ennomos spec.,Ennomos+spec.
Persicaria bistorta,Common Bistort
Melitaea athalia,Heath Fritillary
Somatochlora metallica,Brilliant Emerald
Columba palumbus,Common Wood Pigeon
Dactylorhiza fuchsii,Common Spotted Orchid
Leptidea sinapis / juvernica,Wood White
Lathraea squamaria,Toothwort
Clanga clanga,Greater Spotted Eagle
Notodonta ziczac,Pebble Prominent
Corvus corax,Northern Raven
Lysimachia thyrsiflora,Tufted loosestrife
Nuphar lutea,Yellow Water-lily
Cirsium rivulare,Brook Thistle
Thetidia smaragdaria,Essex Emerald
Erithacus rubecula,European Robin
Turdus philomelos,Song Thrush
Motacilla alba,White Wagtail
Valeriana officinalis,Common Valerian
Circus pygargus,Montagu's Harrier
Allium ursinum,Ramsons
Euproctis similis,Yellow-tail
Stellaria nemorum,Wood stitchwort
Dianthus carthusianorum,Carthusian Pink
Rhododendron tomentosum subsp. tomentosum,Eurasian Labrador Tea
Alcedo atthis,Common Kingfisher
Turdus viscivorus,Mistle Thrush
Epirrhoe alternata,Common Carpet
Turdus merula,Common Blackbird
Anas platyrhynchos,Mallard
Thalictrum flavum,Common Meadow rue
Physocarpus opulifolius,Nine bark
Vanellus vanellus,Northern Lapwing
Hippolais icterina,Icterine Warbler
Charadrius dubius,Little Ringed Plover
Veronica triphyllos,Fingered Speedwell
Drepana falcataria,Pebble Hook-tip
Fragaria vesca,Woodland strawberry
Chlidonias niger,Black Tern
Castor fiber,Eurasian Beaver
Troglodytes troglodytes,Eurasian Wren
Pedicularis palustris,Marsh Lousewort
Centaurea cyanus,Cornflower
Hydrelia flammeolaria,Small Yellow Wave
Cornus sanguinea,Dogwood
Riparia riparia,Sand Martin
Camptogramma bilineata,Yellow Shell
Scirpus sylvaticus,Wood Club-rush
Cynips quercusfolii,Cynips+quercusfolii
Euclidia glyphica,Burnet Companion
Curruca nisoria,Barred Warbler
Convolvulus arvensis,Common Bindweed
Menyanthes trifoliata,Bogbean
Panolis flammea,Pine Beauty
Potentilla argentea,Hoary Cinquefoil
Carduelis carduelis,European Goldfinch
Vicia lutea,Yellow vetch
Coccothraustes coccothraustes,Hawfinch
Aix galericulata,Mandarin Duck
Potentilla anserina,Silverweed
Sanicula europaea,Sanicle
Polygonatum multiflorum,Solomon's-seal
Plantago lanceolata,Ribwort Plantain
Veronica spicata,Spiked speedwell
Erythromma najas,Large Redeye
Stratiotes aloides,Water Soldier
Lycopus europaeus,Gipsywort
Ceratophyllum demersum,Rigid Hornwort
Knautia arvensis,Field Scabious
Pinus sylvestris,Scots pine
Xanthoria parietina,Common orange lichen
Circaea lutetiana,Enchanter's-nightshade
Ficedula hypoleuca,European Pied Flycatcher
Hydrocharis morsus-ranae,Frogbit
Carex demissa,Common Yellow-sedge
Circaea alpina,Alpine Enchanter's-nightshade
Geranium sanguineum,Bloody Crane's-bill
Cepaea hortensis,White-lipped snail
Lymnaea stagnalis,Great Pond Snail
Plantago media,Hoary plantain
Veronica arvensis,Wall speedwell
Crex crex,Corn Crake
Mesoleuca albicillata,Beautiful Carpet
Lythria cruentaria,Purple-barred Yellow
Apodemus agrarius,Striped Field Mouse
Actaea spicata,Baneberry
Acrocephalus arundinaceus,Great Reed Warbler
Oenanthe aquatica,Fine leaved Water dropwort
Dactylorhiza incarnata,Early Marsh Orchid
Betula pubescens,Downy birch
Clinopodium acinos,Basil Thyme
Ranunculus lingua,Greater Spearwort
Dryopteris filix-mas,Male-fern
Curruca communis,Common Whitethroat
Campanula patula,Spreading bellflower
Larus marinus,Great Black-backed Gull
Equisetum sylvaticum,Wood Horsetail
Veronica chamaedrys,Germander speedwell
Cepaea spec.,Cepaea+spec.
Peucedanum palustre,Milk Parsley
Agrostemma githago,Common corncockle
Lamium maculatum,Spotted Dead nettle
Impatiens noli-tangere,Touch-me-not Balsam
Erigeron canadensis,Canadian Fleabane
Cirsium palustre,Marsh thistle
Campanula trachelium,Nettle-leaved Bellflower
Hyla arborea,Common Tree Frog
Corydalis solida,Bird in a bush
Brenthis ino,Lesser Marbled Fritillary
Chrysosplenium alternifolium,Alternate-leaved Golden-saxifrage
Phoenicurus phoenicurus,Common Redstart
Trifolium medium,Zigzag clover
Acorus calamus,Sweet flag
Stachys sylvatica,Hedge Woundwort
Carex leporina,Oval Sedge
Daphne mezereum,Mezereon
Campanula glomerata,Clustered Bellflower
Scabiosa columbaria,Small Scabious
Carex riparia,Greater Pond sedge
Equisetum fluviatile,Water horsetail
Scutellaria galericulata,Skullcap
Caltha palustris subsp. palustris,Marsh Marigold
Helichrysum arenarium,Strawflower
Cardamine pratensis,Cuckooflower
Adoxa moschatellina,Moschatel
Gagea pratensis,Gagea+pratensis
Molinia caerulea,Purple Moor grass
Cladonia coccifera,Cladonia+coccifera
Veronica hederifolia,Ivy-leaved Speedwell
Geranium molle,Dove's-foot Crane's-bill
Potamogeton perfoliatus,Perfoliate Pondweed
Quercus robur,Pedunculate Oak
Medicago sativa,Alfalfa
Athyrium filix-femina,Lady fern
Mentha aquatica,Water mint
Vaccinium oxycoccos,Small cranberry
Succisa pratensis,Devil's-bit Scabious
Carex diandra,Lesser Tussock sedge
Potamogeton lucens,Shining Pondweed
Andromeda polifolia,Bog-rosemary
Euphrasia stricta s.l.,Euphrasia+stricta+s.l.
Arianta arbustorum,Copse Snail
Centaurea jacea,Brown Knapweed
Herniaria glabra,Smooth rupturewort
Tilia cordata,Small-leaved Lime
Peridea anceps,Great Prominent
Clinopodium vulgare,Wild Basil
Centaurium erythraea,Common Centaury
Ficaria spec.,Ficaria+spec.
Carex appropinquata,Fibrous Tussock sedge
Trifolium arvense,Rabbitfoot clover
Cynosurus cristatus,Crested dogstail grass
Scleranthus perennis,Perennial knawel
Vincetoxicum hirundinaria,Common Vincetoxicum
Bombus sylvarum sylvarum,Bombus+sylvarum+sylvarum
Opisthograptis luteolata,Brimstone Moth
Larus canus,Common Gull
Primula veris,Cowslip
Populus tremula,Aspen
Lapsana communis,Common nipplewort
Oxalis acetosella,Wood sorrel
Triglochin palustris,Marsh arrowgrass
Anemone ranunculoides,Yellow Anemone
Geranium sylvaticum,Wood Crane's-bill
Galium palustre,Marsh-bedstraw
Lathyrus palustris,Marsh pea
Taraxacum officinale s.l. (incl. all sec.),Common dandelion
Vaccinium uliginosum,Bog Bilberry
Primula elatior,Oxlip
Vaccinium myrtillus,Bilberry
Salix cinerea subsp. cinerea,Grey Willow
Hottonia palustris,Water Violet
Carex lasiocarpa,Slender Sedge
Capsella bursa-pastoris,Shepard's Purse
Corydalis cava,Hollowroot
Solidago virgaurea,Goldenrod
Betula pendula,Silver Birch
Tringa ochropus,Green Sandpiper
Carterocephalus palaemon,Chequered Skipper
Eilema sororcula,Orange Footman
Anthonomus rectirostris,Anthonomus+rectirostris
Silene vulgaris,Bladder Campion
Erinaceus europaeus,Western Hedgehog
Consolida regalis,Forking Larkspur
Prunus spec.,Prunus+spec.
Stellaria media,Common Chickweed
Dianthus deltoides,Maiden Pink
Bellis perennis,Common Daisy
Lycaena helle,Violet Copper
Podiceps cristatus,Great Crested Grebe
Stellaria graminea,Grass-like starwort
Glyceria maxima,Reed Sweet-grass
Rhododendron tomentosum,Northern Labrador Tea
Convallaria majalis,Lily of the valley
Lota lota,Burbot
Melilotus albus,White Melilot
Pyrola rotundifolia,Round-leaved Wintergreen
Carex flava,Large Yellow sedge
Ranunculus auricomus,Goldilocks Buttercup
Schedonorus pratensis,Meadow Fescue
Utricularia intermedia,Intermediate Bladderwort
Carex paniculata,Greater Tussock-sedge
Hypericum perforatum,Perforate St John's-wort
Jasione montana,Sheep's-bit
Briza media,Quaking-grass
Cardamine impatiens,Narrow leaved Bitter cress
Galium verum,Lady's Bedstraw
Papaver rhoeas,Corn Poppy
Carpinus betulus,European hornbeam
Carex echinata,Star sedge
Epipactis palustris,Marsh Helleborine
Trifolium hybridum,Alsike clover
Dryocopus martius,Black Woodpecker
Geranium spec.,Geranium+spec.
Andrena hattorfiana,Large Scabious Mining Bee
Asteraceae spec.,Asteraceae+spec.
Eriophorum vaginatum,Hare's-tail Cottongrass
Lasiommata megera,Wall Brown
Coenagrion pulchellum,Variable Bluet
Charadrius hiaticula,Common Ringed Plover
Euphyia unangulata,Sharp-angled Carpet
Rivula sericealis,Straw Dot
Spinulum annotinum,Interrupted Clubmoss
Chrysomela populi,Red Poplar Leaf Beetle
Chamaenerion angustifolium,Fireweed
Rhodeus amarus,Bitterling
Parnassius mnemosyne,Clouded Apollo
Meconema meridionale,Southern Oak Bush-cricket
Leptophlebia marginata,Leptophlebia+marginata
Valeriana tripteris,Valeriana+tripteris
Diphyus spec.,Diphyus+spec.
Felis silvestris,Wild Cat
Staurophora celsia,Malachite Moth
Geum urbanum,Wood Avens
Barbastella barbastellus,Barbastelle Bat
Smerinthus ocellatus,Eyed Hawk Moth
Dendrolimus pini,Pine-tree Lappet
Ichneumon cessator,Ichneumon+cessator
Hoplismenus terrificus,Hoplismenus+terrificus
Rhyssa persuasoria,Giant Ichneumon
Aconitum spec.,Aconitum+spec.
Diphyus amatorius,Diphyus+amatorius
Veronica anagallis-aquatica,Blue Water speedwell
Branta bernicla,Brant Goose
Laetiporus sulphureus,Chicken Of The Woods
Anthemis tinctoria,Yellow Chamomile
Viola arvensis,Field Pansy
Linaria vulgaris,Common Toadflax
Salvia pratensis,Meadow Clary
Melampyrum nemorosum,Wood Cow wheat
Idaea muricata,Purple-bordered Gold
Cyanistes caeruleus,Eurasian Blue Tit
Sternula albifrons,Little Tern
Siona lineata,Black-veined Moth
Ajuga reptans,Bugle
Rubus idaeus,Raspberry
Sagittaria sagittifolia,Arrowhead
Symphytum officinale,Common comfrey
Dryobates minor,Lesser Spotted Woodpecker
Coenonympha tullia,Large Heath
Tragopogon pratensis,Goat's beard
Curruca curruca,Lesser Whitethroat
Vipera berus,Northern Viper
Silene latifolia,White Campion
Tringa nebularia,Common Greenshank
Pelophylax spec.,Pelophylax+spec.
Iris pseudacorus,Yellow Flag
Aix sponsa,Wood Duck
Arctornis l-nigrum,Black V Moth
Acer platanoides,Norway Maple
Atolmis rubricollis,Red-necked Footman
Hyppa rectilinea,The Saxon
Dactylorhiza majalis subsp. majalis,Dactylorhiza+majalis+subsp.+majalis
Phylloscopus trochilus,Willow Warbler
Apus apus,Common Swift
Carex panicea,Carnation Sedge
Carex hirta,Hairy Sedge
Carex vesicaria,Bladder-sedge
Cirsium oleraceum,Cabbage Thistle
Euphorbia helioscopia,Sun Spurge
Potamogeton natans,Broad leaved Pondweed
Bryonia dioica,White Bryony
Ranunculus lanuginosus,Ranunculus+lanuginosus
Thalictrum aquilegiifolium,Greater Meadow rue
Parmelia sulcata,Net-marked Parmelia
Gentiana pneumonanthe,Marsh Gentian
Sphagnum spec.,Sphagnum+spec.
Erpobdella octoculata,Leeches
Descurainia sophia,Flixweed
Linum catharticum,Fairy flax
Carex sylvatica,Wood-sedge
Usnea spec.,Usnea+spec.
Cladonia (Cladina) spec.,Cladonia+(Cladina)+spec.
Coccinella magnifica,Scarce 7-spot Ladybird
Milium effusum,Wood Millet
Malva moschata,Musk mallow
Blicca bjoerkna,White bream
Coloeus monedula,Western Jackdaw
Anomodon rugelii,Rugel's anomodon
Gymnocarpium dryopteris,Oak Fern
Dipsacus fullonum,Wild Teasel
Salix caprea,Goat willow
Abramis brama,Common bream
Carex flacca,Glaucous Sedge
Carex elata,Tufted-sedge
Carex remota,Remote Sedge
Thelypteris palustris,Marsh Fern
Calamagrostis epigejos,Chee Reedgrass
Nardus stricta,Mat grass
Nymphaea alba,European white waterlily
Rutilus rutilus,Roach
Potentilla erecta,Erect cinquefoil
Acer pseudoplatanus,Sycamore
Schoenoplectus lacustris,Common Club-rush
Mammalia indet.,Mammalia+indet.
Lotus pedunculatus,Greater Bird's-foot-trefoil
Ilyocoris cimicoides,Creeping water bug
Phyteuma spicatum,Spiked Rampion
Hieracium umbellatum,Umbellate Hawkweed
Salix alba,Salix+alba
Alnus glutinosa,Alder
Carex rostrata,Bottle Sedge
Unio tumidus,Swollen river mussel
Tilia platyphyllos,Large leaved Lime
Lichen indet.,Lichen+indet.
Valeriana dioica,Marsh valerian
Leonurus cardiaca,Motherwort
Erigeron acris,Blue Fleabane
Anthericum ramosum,Branched St Bernard's-lily
Rumex hydrolapathum,Water Dock
Carex nigra,Common Sedge
Cepaea nemoralis,Larger banded snail
Equisetum palustre,Marsh horsetail
Phragmites australis,Common reed
Platanthera bifolia,Lesser Butterfly-orchid
Leuctra spec.,Leuctra+spec.
Calluna vulgaris,Heather
Bryophyta indet.,Bryophyta+indet.
Tringa totanus,Common Redshank
Pavo cristatus,Indian Peafowl
Scolopax rusticola,Eurasian Woodcock
Filago germanica,Common Cudweed
Fringilla montifringilla,Brambling
Frangula alnus,Alder Buckthorn
Panurus biarmicus,Bearded Reedling
Humulus lupulus,Hop
Anguis fragilis,Slow Worm
Circus cyaneus,Hen Harrier
Philanthus triangulum,European Bee Wolf
Ophiogomphus cecilia,Green Snaketail
Sympetrum vulgatum,Moustached Darter
Pieris rapae,Small White
Dactylis glomerata,Cock's-foot
Geranium robertianum,Herb-Robert
Maladera holosericea,Maladera+holosericea
Diplolepis rosae,Rose Bedeguar Gall
Lycaena dispar,Large Copper
Nymphalis xanthomelas,Yellow-legged Tortoiseshell
Convolvulus sepium,Hedge Bindweed
Galeopsis tetrahit,Common Hemp nettle
Eurydema oleracea,Green cabbage bug
Podiceps auritus,Horned Grebe
Meles meles,Eurasian Badger
Sanguisorba officinalis,Great Burnet
Galeopsis pubescens,Hairy Hemp-nettle
Bombus terrestris/lucorum/magnus/cryptarum,Buff-tailed Bumblebee
Galinsoga parviflora,Gallant soldier
Artemisia vulgaris,Mugwort
Pelosia muscerda,Dotted Footman
Baccha elongata,Baccha+elongata
Dianthus arenarius,Sand Pink
Erebia euryale,Large Ringlet
Triphosa dubitata,Tissue
Veronica catenata,Pink Water-Speedwell
Petrorhagia saxifraga,Tunicflower
Aconitum napellus,Monk's-hood
Polygonum aviculare,Knotgrass
Aeshna cyanea,Southern Hawker
Dasypoda hirtipes,Pantaloon Bee
Platycis minutus,Platycis+minutus
Sympetrum flaveolum,Yellow-winged Darter
Daucus carota,Common Carrot
Pararge aegeria,Speckled Wood
Macaria brunneata,Rannoch Looper
Odontites vernus,Red Bartsia
Podalonia spec.,Podalonia+spec.
Geranium palustre,Geranium+palustre
Pilosella aurantiaca,Fox-and-cubs
Lissotriton montandoni,Carpathian Newt
Adenostyles alliariae,Adenostyles+alliariae
Coenonympha arcania,Pearly Heath
Galeopsis bifida,Lesser Hemp nettle
Lythrum salicaria,Purple loosestrife
Geranium pusillum,Small-flowered Crane's-bill
Sambucus nigra,Sambucus cerulea Sambucus nigra subsp. cerulea
Sparganium erectum,Simplestem bur-reed
Pernis apivorus,European Honey Buzzard
Aegithalos caudatus caudatus,White-headed Long-tailed Tit
Erigeron annuus,Tall Fleabane
Argynnis laodice,Pallas's Fritillary
Cheilosia illustrata,Cheilosia+illustrata
Xylota segnis,Orange-belted Leafwalker
Calvia decemguttata,Calvia 10-guttata
Silene baccifera,Berry Catchfly
Ballota nigra,Black horehound
Ischnura spec.,Ischnura+spec.
Bombus hypnorum,Tree Bumblebee
Dolichovespula media,Median Wasp
Ochlodes sylvanus,Large Skipper
Merops apiaster,European Bee-eater
Silpha obscura,Silpha+obscura
Tragopogon pratensis subsp. orientalis,Oriental Salsify
Scopula immorata,Lewes Wave
Achillea millefolium,Common yarrow
Alces alces alces,European Elk
Deilephila elpenor,Elephant Hawk-moth
Aeshna juncea,Common Hawker
Bidens spec.,Bidens+spec.
Saxifraga paniculata,Livelong Saxifrage
Anchusa arvensis,Bugloss
Stratiomys singularior,Stratiomys+singularior
Satyrium spini,Blue-spot Hairstreak
Bombus pascuorum,Common Carder Bumblebee
Arctium tomentosum,Woolly burdock
Origanum vulgare,Wild Marjoram
Silene pusilla,Alpine Catchfly
Strangalia attenuata,Strangalia+attenuata
Aricia agestis,Brown Argus
Autographa gamma,Silver Y
Syrphus spec.,Syrphus+spec.
Parnassius apollo,Apollo
Mentha arvensis,Corn Mint
Cakile maritima,Sea Rocket
Volucella inanis,Volucella+inanis
Scotopteryx chenopodiata,Shaded Broad-bar
Muscardinus avellanarius,Hazel Dormouse
Cirsium vulgare,Spear Thistle
Melampyrum spec.,Melampyrum+spec.
Angelica archangelica,Garden Angelica
Eupatorium cannabinum,Hemp-agrimony
Phacelia tanacetifolia,Phacelia
Filipendula vulgaris,Dropwort
Anthophora bimaculata,Green-eyed Flower Bee
Euonymus europaeus,Spindle
Myathropa florea,Batman Hoverfly
Verbascum spec.,Verbascum+spec.
Coleoptera indet.,Coleoptera+indet.
Saperda scalaris,Saperda+scalaris
Gymnosoma spec.,Gymnosoma+spec.
Clematis vitalba,Traveller's-joy
Polygonaceae spec.,Polygonaceae+spec.
Cimbex spec.,Cimbex+spec.
Salvinia natans,Floating Fern
Saponaria officinalis,Soapwort
Fallopia convolvulus,Black Bindweed
Bombina bombina,Fire-bellied toad
Clytus arietis,Clytus+arietis
Crocothemis erythraea,Broad Scarlet
Euphorbia cyparissias,Cypress spurge
Clytra spec.,Clytra+spec.
Cephenemyia stimulator,Cephenemyia+stimulator
Betonica officinalis,Betony
Timandra comae,Blood-vein
Saponaria officinalis (cultivar),Saponaria+officinalis+(cultivar)
Myricaria germanica,Myricaria+germanica
Limenitis camilla,White Admiral
Stenurella bifasciata,Stenurella+bifasciata
Libellula quadrimaculata,Four-spotted Chaser
Hydrophilus piceus,Hydrophilus+piceus
Panemeria tenebrata,Small Yellow Underwing
Xanthium orientale s.l. + Xanthium strumarium,Xanthium+orientale+s.l.+++Xanthium+strumarium
Monotropa hypopitys,Yellow Bird's-nest
Nyctereutes procyonoides,Raccoon Dog
Cordulegaster boltonii,Common Goldenring
Verbena bonariensis,Argentinian Vervain
Melica uniflora,Wood Melick
Protaetia metallica,Protaetia+metallica
Carcharodus alceae,Mallow Skipper
Bidens frondosa,Beggarticks
Upupa epops epops,Eurasian Hoopoe ssp epops
Salmo trutta fario,Salmo+trutta+fario
Fulica atra,Eurasian Coot
Picris hieracioides,Hawkweed oxtongue
Viola x wittrockiana,Viola+x+wittrockiana
Rumex acetosella,Sheep's Sorrel
Alchemilla spec.,Alchemilla+spec.
Ixodes spec.,Ixodes+spec.
Streptopelia turtur,European Turtle Dove
Mergellus albellus,Smew
Timandra comae/griseata,Blood-vein
Digitalis purpurea,Foxglove
Lestes sponsa,Common Spreadwing
Trifolium pratense,Red clover
Ailanthus spec.,Ailanthus+spec.
Ixobrychus minutus,Little Bittern
Astrantia spec.,Astrantia+spec.
Lathyrus sylvestris,Flat pea
Pinguicula alpina,Alpine Butterwort
Primula minima,Primula+minima
Propylea quatuordecimpunctata,14-spot Ladybird
Soldanella alpina,Alpine snowbell
Luscinia svecica cyanecula,White-spotted Bluethroat
Anthus spinoletta,Water Pipit
Clangula hyemalis,Long-tailed Duck
Lycopodium clavatum,Stag's-horn Clubmoss
Echinochloa crus-galli,Cockspur
Parascotia fuliginaria,Waved Black
Aruncus dioicus,Buck's-beard
Centaurea stoebe,Spotted knapweed
Geranium phaeum,Dusky Crane's-bill
Eupeodes corollae,Migrant Hover Fly
Tolmerus cingulatus,Brown Heath Robberfly
Cheilosia spec.,Cheilosia+spec.
Dactylorhiza spec.,Dactylorhiza+spec.
Myotis nattereri,Natterer's Bat
Aegopodium podagraria,Ground-elder
Anthocharis cardamines,Orange-tip
Campanula persicifolia,Peach-leaved Bellflower
Cantharis livida,Cantharis+livida
Temnostoma bombylans,Temnostoma+bombylans
Plecotus auritus,Brown Long-eared Bat
Lasiocampa quercus,Oak Eggar
Sympetrum striolatum,Common Darter
Spermophilus suslicus,Speckled Ground Squirrel
Potentilla indica,Yellow flowered Strawberry
Ichneumonidae indet.,Ichneumonidae+indet.
Limnephilus sparsus,Limnephilus+sparsus
Leucorrhinia caudalis,Lilypad Whiteface
Actitis hypoleucos,Common Sandpiper
Stratiomys potamida,Banded General
Regulus regulus,Goldcrest
Polyommatus amandus,Amanda's Blue
Hyla orientalis,Eastern Tree Frog
Lithospermum arvense,Field Gromwell
Gallinago media,Great Snipe
Vicia sepium,Bush vetch
Lamiastrum galeobdolon,Yellow archangel
Hedya salicella,Hedya+salicella
Scaeva selenitica,Scaeva+selenitica
Adela reaumurella,Adela+reaumurella
Heteropterus morpheus,Large Chequered Skipper
Panorpa alpina,Panorpa+alpina
Goodyera repens,Creeping Lady's-tresses
Eupithecia icterata,Tawny Speckled Pug
Spatula querquedula,Garganey
Lycia hirtaria,Brindled Beauty
Eumeninae indet.,Eumeninae+indet.
Myosotis scorpioides,Water Forget me not
Anisosticta novemdecimpunctata,Water ladybird
Notoxus monoceros,Notoxus+monoceros
Leucorrhinia pectoralis,Yellow-spotted Whiteface
Silvius alpinus,Silvius+alpinus
Aelia acuminata,Bishop's Mitre Shieldbug
Mniotype satura,Beautiful Arches
Procyon lotor,Northern Raccoon
Phlogophora meticulosa,Angle Shades
Melittis melissophyllum,Basterd Balm
Endromis versicolora,Kentish Glory
Acer negundo,Ash leaved Maple
Gortyna flavago,Frosted Orange
Ceratomegilla notata,Ceratomegilla+notata
Catoptria falsella,Catoptria+falsella
Lasiocampa trifolii,Grass Eggar
Euclidia mi,Mother Shipton
Pyrrhalta viburni,Viburnum Leaf Beetle
Chrysoteuchia culmella,Garden Grass-Veneer
Epipactis helleborine,Broadleaf helleborine
Ancistrocerus spec.,Ancistrocerus+spec.
Oenopia conglobata,Oenopia+conglobata
Mesembrina meridiana,Noon fly
Fabriciana adippe,High Brown Fritillary
Lycaena hippothoe,Purple-edged Copper
Melanostoma scalare,Melanostoma+scalare
Trichius fasciatus,Bee beetle
Ursus arctos,Brown Bear
Macropis europaea,Yellow-Loosestrife Bee
Xestia xanthographa,Square-spot Rustic
Glyphotaelius pellucidus,Mottled sedge
Boloria dia,Violet Fritillary
Agapanthia villosoviridescens,Agapanthia+villosoviridescens
Boloria selene,Small Pearl-bordered Fritillary
Erynnis tages,Dingy Skipper
Mesapamea secalis / secalella,Common Rustic
Achillea ptarmica,Sneezewort
Homogyne alpina,Purple Colt's foot
Hesperia comma,Silver-spotted Skipper
Carduus nutans,Nodding Thistle
Catocala nupta,Red Underwing
Oncocera semirubella,Oncocera+semirubella
Diachrysia chrysitis,Burnished Brass
Rana arvalis,Moor Frog
Hada plebeja,The Shears
Digitalis grandiflora,Yellow foxglove
Pontia edusa,Eastern Bath White
Tadorna ferruginea,Ruddy Shelduck
Tiphia femorata,Tiphia+femorata
Aphrophora alni,European alder spittlebug
Typha latifolia,Bulrush
Anabolia nervosa,Brown sedge
Trichoptera indet.,Trichoptera+indet.
Rhinanthus angustifolius,Greater Yellow rattle
Agrotis segetum,Turnip Moth
Carduus crispus,Curly plumeless thistle
Sicus ferrugineus,Sicus+ferrugineus
Idaea seriata,Small Dusty Wave
Mimulus guttatus,Seep monkeyflower
Aythya fuligula,Tufted Duck
Anax imperator,Blue Emperor
Genista tinctoria,Dyer's Greenweed
Caltha palustris,Marsh-marigold
Planorbarius corneus,Ramshorn snail
Sympecma fusca,Common Winter Damsel
Cinclus cinclus,White-throated Dipper
Xestia baja,Dotted Clay
Odonestis pruni,Plum Lappet
Macaria liturata,Tawny-barred Angle
Cuculus canorus,Common Cuckoo
Eumedonia eumedon,Geranium Argus
Lagria spec.,Lagria+spec.
Tholera decimalis,Feathered Gothic
Paederidus ruficollis,Paederidus+ruficollis
Carassius carassius,Crucian carp
Lathyrus vernus,Spring Pea
Cyclophora albipunctata,Birch Mocha
Martes foina/martes,Beech Marten
Pachytodes cerambyciformis,Pachytodes+cerambyciformis
Cyaniris semiargus,Mazarine Blue
Leontopodium alpinum,Leontopodium+alpinum
Potamogeton crispus,Curled Pondweed
Oxyura leucocephala,White-headed Duck
Pulsatilla alpina subsp. alba,Pulsatilla+alpina+subsp.+alba
Stratiomys chamaeleon,Stratiomys+chamaeleon
Panorpa vulgaris,Panorpa+vulgaris
Leptura annularis,Leptura+annularis
Dioctria cothurnata,Dioctria+cothurnata
Prenanthes purpurea,Purple Lettuce
Gentiana cruciata,Cross Gentian
Parthenocissus vitacea,False Virginia Creeper
Tachybaptus ruficollis,Little Grebe
Sphaerophoria scripta,Sphaerophoria+scripta
Centaurea spec.,Centaurea+spec.
Loxia curvirostra,Red Crossbill
Fallopia sachalinensis,Giant Knotweed
Thalpophila matura,Straw Underwing
Acleris variegana,Garden Rose Tortrix
Triodia sylvina,Orange Swift
Strix nebulosa,Great Grey Owl
Dactylorhiza majalis,Broad leaved Marsh Orchid s.l.
Euthystira brachyptera,Small Gold Grasshopper
Epirrhoe tristata,Small Argent and Sable
Atethmia centrago,Centre-barred Sallow
Arabis alpina subsp. alpina,Arabis+alpina+subsp.+alpina
Pterostoma palpina,Pale Prominent
Leucanthemum vulgare agg.,Leucanthemum+vulgare+agg.
Neovison vison,American Mink
Stictocephala bisonia,Buffalo Treehopper
Carterocephalus silvicola,Northern Chequered Skipper
Andrena denticulata,Grey-banded Mining Bee
Amata phegea,Nine-spotted Moth
Mentha arvensis + Mentha x verticillata (M. aquatica x arvensis),Mentha+arvensis+++Mentha+x+verticillata+(M.+aquatica+x+arvensis)
Calvia quatuordecimguttata,Cream-spot ladybird
Artemisia absinthium,Absinthium
Euphorbia stricta,Upright spurge
Eristalinus sepulchralis,Eristalinus+sepulchralis
Pyrausta despicata,Pyrausta+despicata
Verbascum nigrum,Dark Mullein
Plea minutissima,Plea+minutissima
Ononis spinosa,Restharrow
Noctua comes,Lesser Yellow Underwing
Anser anser forma domestica,Anser+anser+forma+domestica
Eutolmus rufibarbis,Eutolmus+rufibarbis
Apamea monoglypha,Dark Arches
Cybosia mesomella,Four-dotted Footman
Hipparchia semele,Grayling
Mareca strepera,Gadwall
Chilocorus bipustulatus,Heather ladybird
Endomychus coccineus,Endomychus+coccineus
Matteuccia struthiopteris,Ostrich fern
Scaeva pyrastri,Pied hoverfly
Eurydema ornata,Ornate Shieldbug
Coccinella quinquepunctata,5-spot Ladybird
Vicia cracca,Tufted Vetch
Hippodamia tredecimpunctata,13-spot Ladybird
Luperina testacea,Flounced Rustic
Ectemnius spec.,Ectemnius+spec.
Crabro cribrarius,Crabro+cribrarius
Vespula germanica,German Wasp
Laserpitium latifolium,Broad-leaved Sermountain
Geranium pratense,Meadow Crane's-bill
Lacanobia oleracea,Bright-line Brown-eye
Sorbus aucuparia,Mountain Ash
Lemna trisulca,Ivy Duckweed
Laothoe populi,Poplar Hawk-moth
Aegithalos caudatus,Long-tailed Tit
Lilium bulbiferum,Orange-lily
Noctua fimbriata,Broad-bordered Yellow Underwing
Myosotis arvensis,Field Forget-me-not
Erythromma viridulum,Small Redeye
Halictus sexcinctus sexcinctus,Halictus+sexcinctus+sexcinctus
Trifolium campestre,Hop Trefoil
Pyrrhula pyrrhula pyrrhula,Northern Bullfinch
Hydropsyche spec.,Hydropsyche+spec.
Elymus caninus,Bearded Couch grass
Phleum pratense,Timothy
Sinodendron cylindricum,Rhinoceros Beetle
Somatochlora flavomaculata,Yellow-spotted Emerald
Juncus tenuis,Poverty rush
Synaphe punctalis,Synaphe+punctalis
Habrosyne pyritoides,Buff Arches
Ascotis selenaria,Giant Looper
Sorex minutus,Eurasian Pygmy Shrew
Astrantia major,Great Masterwort
Biston betularia,Peppered Moth
Cybister lateralimarginalis,Cybister+lateralimarginalis
Hyphydrus ovatus,Hyphydrus+ovatus
Botrychium lunaria,Moonwort
Empetrum nigrum,Black crowberry
Axylia putris,Flame
Megachile spec.,Megachile+spec.
Coccinula quatuordecimpustulata,Coccinula 14-pustulata
Sesleria caerulea,Eastern Blue Moor grass
Heracleum mantegazzianum,Giant hogweed
Odezia atrata,Chimney Sweeper
Bombus sylvarum,Shrill Carder Bee
Viola biflora,Alpine Yellow-violet
Leptidea spec.,Leptidea+spec.
Gastrophysa viridula,Green Dock Beetle
Autographa bractea,Gold Spangle
Jaapiella veronicae,Jaapiella+veronicae
Leucorrhinia rubicunda,Ruby Whiteface
Cucullia scrophulariae,Water Betony
Xanthorhoe montanata,Silver-ground Carpet
Orthetrum albistylum,White-tailed Skimmer
Leptidea sinapis,Wood White
Blitum bonus-henricus,Good-King-Henry
Cupido argiades,Short-tailed Blue
Anatis ocellata,Eyed ladybird
Bombus veteranus,Bombus+veteranus
Elophila nymphaeata,Brown China-Mark
Orchis mascula subsp. speciosa,Orchis+mascula+subsp.+speciosa
Linaria cannabina cannabina,Common Linnet ssp cannabina
Scopula rubiginata,Tawny Wave
Dryobates minor hortorum,Lesser Spotted Woodpecker ssp hortorum
Mystacides longicornis,Mystacides+longicornis
Larus argentatus,European Herring Gull
Salvia verticillata,Whorled Clary
Crocallis elinguaria,Scalloped Oak
Ecpyrrhorrhoe rubiginalis,Ecpyrrhorrhoe+rubiginalis
Sambucus ebulus,Danewort
Argyresthia goedartella,Argyresthia+goedartella
Lacanobia thalassina,Pale-shouldered Brocade
Vinca minor,Lesser Periwinkle
Dendrocopos syriacus,Syrian Woodpecker
Aythya marila,Greater Scaup
Persicaria vivipara,Alpine Bistort
Orgyia antiqua,Vapourer
Criorhina berberina,Criorhina+berberina
Carabus auratus,Carabus+auratus
Miltochrista miniata,Rosy Footman
Melanchra persicariae,Dot Moth
Plantago major,Greater Plantain
Tofieldia calyculata,Alpine asphodel
Eulia ministrana,Eulia+ministrana
Telekia speciosa,Yellow Oxeye
Bombus schrencki,Schrenck's Bumblebee
Dama dama,Fallow Deer
Xanthorhoe quadrifasiata,Large Twin-spot Carpet
Pseudeustrotia candidula,Shining Marbled
Peltis grossa,Peltis+grossa
Microtus arvalis,Common Vole
Subacronicta megacephala,Poplar Grey
Heliothis spec.,Heliothis+spec.
Anarta myrtilli,Anarta+myrtilli
Limnephilus spec.,Limnephilus+spec.
Xanthorhoe biriviata,Balsam Carpet
Stylurus flavipes,Yellow-legged Clubtail
Verbascum phoeniceum,Purple mullein
Bombus lapidarius,Large Red-tailed Bumblebee
Trifolium montanum,Mountain clover
Euzophera pinguis,Euzophera+pinguis
Trichophorum alpinum,Cotton Deergrass
Lithosia quadra,Four-spotted Footman
Callopistria juventina,The Latin
Macdunnoughia confusa,Dewick’s Plusia
Cyclophora punctaria,Maiden’s Blush
Aquila chrysaetos,Golden Eagle
Lestes dryas,Robust Spreadwing
Eristalis rupium,Eristalis+rupium
Enallagma cyathigerum,Common Bluet
Pyrausta aurata,Mint Moth
Iris sibirica,Siberian iris
Canis lupus / Canis familiaris,Wolf
Sorex spec.,Sorex+spec.
Apiaceae spec.,Apiaceae+spec.
Polyommatus daphnis,Meleager's Blue
Lonicera nigra,Lonicera+nigra
Xanthorhoe fluctuata,Garden Carpet
Evergestis pallidata,Evergestis+pallidata
Periparus ater ater,Coal Tit ssp ater
Eupeodus lapponicus,Bow-veined Eupeodes
Phyllonorycter leucographella,Firethorn Leaf Miner
Astacus astacus,Noble Crayfish
Microtus spec.,Microtus+spec.
Endotricha flammealis,Endotricha+flammealis
Drymonia obliterata,Drymonia+obliterata
Leucorrhinia albifrons,Dark Whiteface
Parasemia plantaginis,Wood Tiger
Idaea aversata,Riband Wave
Neomys fodiens,Eurasian Water Shrew
Silene acaulis,Moss campion
Oxytropis pilosa,Woolly Milkvetch
Scutellaria hastifolia,Norfolk Skullcap
Soricidae indet.,Soricidae+indet.
Eulithis prunata,Phoenix
Bena bicolorana,Scarce Silver-lines
Rhinanthus spec.,Rhinanthus+spec.
Platycheirus clypeatus,Platycheirus+clypeatus
Melanostoma mellinum,Melanostoma+mellinum
Platycheirus occultus,Platycheirus+occultus
Sphegina elegans,Sphegina+elegans
Neoascia tenur,Neoascia+tenur
Pyrophaena granditarsa,Pyrophaena+granditarsa
Orthonevra intermedia,Orthonevra+intermedia
Neoascia podagrica,Neoascia+podagrica
Megasyrphus erraticus,Megasyrphus+erraticus
Xanthandrus comtus,Xanthandrus+comtus
Sphaerophoria taeniata,Sphaerophoria+taeniata
Meliscaeva cinctella,Meliscaeva+cinctella
Sphegina nigra,Sphegina+nigra
Parhelophilus versicolor,Parhelophilus+versicolor
Sericomyia silentis,Sericomyia+silentis
Triglyphus primus,Triglyphus+primus
Chrysogaster solstitialis,Chrysogaster+solstitialis
Rhingia campestris,Rhingia+campestris
Chloromyia formosa,Broad Centurian
Conops flavipes,Conops+flavipes
Zygaena lonicerae,Narrow-bordered Five-spot Burnet
Syrphus vitripennis,Syrphus+vitripennis
Parasyrphus lineolus,Parasyrphus+lineolus
Pyrophaena rosarum,Pyrophaena+rosarum
Malva sylvestris,Common Mallow
Oplodontha viridula,Oplodontha+viridula
Cyclophora pendularia,Dingy Mocha
Syrphus torvus,Syrphus+torvus
Sorex araneus,Common Shrew
Parhelophilus frutetorum,Parhelophilus+frutetorum
Parhelophilus consimilis,Parhelophilus+consimilis
Rhyparochromus vulgaris,Rhyparochromus+vulgaris
Larix spec.,Larix+spec.
Selenia tetralunaria,Purple Thorn
Astragalus glycyphyllos,Licorice milkvetch
Datura stramonium,Thorn apple
Paragus pecchiolii,Paragus+pecchiolii
Felis catus,Domesticated Cat
Apodemus flavicollis,Yellow-necked Field Mouse
Sphaerophoria virgata,Sphaerophoria+virgata
Platycheirus fulviventris,Platycheirus+fulviventris
Populus alba,White poplar
Polypodium spec.,Polypodium+spec.
Azolla filiculoides,Water Fern
Brachypodium sylvaticum,False Brome
Pipiza notata,Pipiza+notata
Aeshna mixta,Migrant Hawker
Agrius convolvuli,Convolvulus Hawkmoth
Dendrocopos leucotos leucotos,White-backed Woodpecker ssp leucotos
Mecostethus parapleurus,Mecostethus+parapleurus
Udea lutealis,Udea+lutealis
Colias crocea,Clouded Yellow
Quercus spec.,Quercus+spec.
Lasiommata maera,Large Wall Brown
Onthophagus coenobita,Onthophagus+coenobita
Anthoxanthum odoratum,Sweet Vernal-grass
Trifolium fragiferum,Strawberry clover
Turdus iliacus,Redwing
Gasterosteus aculeatus,Three-spined stickleback
Sympetrum meridionale,Southern Darter
Eristalis oestracea,Eristalis+oestracea
Triglochin maritima,Sea Arrowgrass
Potamogeton nodosus,Loddon Pondweed
Nicrophorus vespilloides,Common Sexton Beetle
Setaria pumila,Yellow Bristle-grass
Vaccinium vitis-idaea,Cowberry
Crabronini indet.,Crabronini+indet.
Medicago x varia (M. falcata x sativa),Medicago+x+varia+(M.+falcata+x+sativa)
Lathyrus pratensis,Meadow Vetchling
Uloma spec.,Uloma+spec.
Colletes daviesanus/fodiens/similis,Davie's Colletes
Acanthosoma haemorrhoidale,Hawthorn Shield Bug
Dytiscus dimidiatus,Dytiscus+dimidiatus
Hyles euphorbiae,Spurge Hawk-moth
Papaver dubium,Blindeyes
Caragana arborescens,Siberian Pea tree
Reseda lutea,Wild Mignonette
Pyrrhula pyrrhula,Eurasian Bullfinch
Persicaria lapathifolia,Pale Persicaria
Rhodiola rosea,Rosewort
Phalaropus lobatus,Red-necked Phalarope
Branta leucopsis,Barnacle Goose
Polygala spec.,Polygala+spec.
Bufotes viridis,Green Toad
Portulaca oleracea,Common Purslane
Cirsium arvense,Creeping Thistle
Apoderus erythropterus,Apoderus+erythropterus
Ecdyonurus spec.,Ecdyonurus+spec.
Halichoerus grypus,Grey Seal
Hyles gallii,Bedstraw Hawk-moth
Crepis capillaris,Smooth Hawk's beard
Bombus hortorum,Garden Bumblebee
Certhia familiaris,Eurasian Treecreeper
Coscinia striata,Feathered Footman
Heriades truncorum,Large-headed Resin Bee
Agrimonia eupatoria,Agrimony
Anthidium manicatum,Common Wool Carder Bee
Malaxis monophyllos,White adder's mouth
Forficula auricularia,Common Earwig
Tringa stagnatilis,Marsh Sandpiper
Matricaria discoidea,Pineapple Weed
Urtica dioica,Common Nettle
Bombyliinae indet.,Bombyliinae+indet.
Satyrium w-album,White-letter Hairstreak
Monochamus spec.,Monochamus+spec.
Ochropacha duplaris,Common Lutestring
Pyronia tithonus,Gatekeeper
Lamiastrum galeobdolon subsp. argentatum,Lamiastrum+galeobdolon+subsp.+argentatum
Orobanche flava,Butterbur Broomrape
Apatura ilia f. clytie,Apatura+ilia+f.+clytie
Silene dioica,Red Campion
Pungitius pungitius,Tenspined stickleback
Salvia glutinosa,Sticky Clary
Eristalis arbustorum/abusiva,Eristalis+arbustorum
Pyrgus armoricanus,Oberthür's Grizzled Skipper
Anthyllis vulneraria,Kidney Vetch
Chrysops viduatus,Chrysops+viduatus
Tipula maxima,Tipula+maxima
Callidium violaceum,Callidium+violaceum
Andrena haemorrhoa,Orange-tailed Mining Bee
Gymnadenia odoratissima,Gymnadenia+odoratissima
Hamearis lucina,Duke Of Burgundy Fritillary
Apoderus coryli,Hazel Leaf Roller
Oulema duftschmidi/melanopus,Oulema+duftschmidi
Veronica serpyllifolia,Thyme Speedwell
Epitheca bimaculata,Eurasian Baskettail
Tritomegas sexmaculatus,Rambur's Pied Shieldbug
Stachys officinalis,Stachys+officinalis
Bombylius major,Dark-edged Bee-fly
Aquarius najas,River skater
Spatula clypeata,Northern Shoveler
Locustella fluviatilis,River Warbler
Anas crecca,Eurasian Teal
Rallus aquaticus,Water Rail
Anser albifrons,Greater White-fronted Goose
Dryas octopetala,Mountain Avens
Neottia nidus-avis,Bird's-nest Orchid
Phryganea spec.,Phryganea+spec.
Mustela nivalis,Least Weasel
Eumenes spec.,Eumenes+spec.
Boloria euphrosyne,Pearl-bordered Fritillary
Gallinula chloropus,Common Moorhen
Coenagrion hastulatum,Spearhead Bluet
Clostera pigra,Small Chocolate-tip
Scheuchzeria palustris,Rannoch-rush
Pyrgus malvae,Grizzled Skipper
Cryptocephalus cordiger,Cryptocephalus+cordiger
Leptura arcuata,Leptura+arcuata
Eupsilia transversa,Satellite
Anomala spec.,Anomala+spec.
Limnephilus lunatus,Limnephilus+lunatus
Formica spec.,Formica+spec.
Favonius quercus,Purple Hairstreak
Mononychus punctumalbum,Mononychus+punctumalbum
Agelastica alni,Alder Leaf Beetle
Acanthis cabaret,Lesser Redpoll
Succineidae indet.,Succineidae+indet.
Hippodamia variegata,Adonis' ladybird
Anasimyia interpuncta,Anasimyia+interpuncta
Phasia hemiptera,Phasia+hemiptera
Ephemera vulgata,Ephemera+vulgata
Thymus spec.,Thymus+spec.
Ovis gmelini musimon,European Mouflon
Potamophylax spec.,Potamophylax+spec.
Perizoma alchemillata,Small Rivulet
Baetidae indet.,Baetidae+indet.
Larus fuscus,Lesser Black-backed Gull
Anguis colchica,Eastern Slow Worm
Mimumesa spec.,Mimumesa+spec.
Lygistopterus sanguineus,Lygistopterus+sanguineus
Rhagium mordax,Blackspotted pliers support beetle
Physella acuta,Acute Bladder Snail
Sphecodes spec.,Sphecodes+spec.
Eurygaster testudinaria,Eurygaster+testudinaria
Saperda carcharias,Saperda+carcharias
Heptagenia fuscogrisea,Heptagenia+fuscogrisea
Pammene aurana,Pammene+aurana
Genista anglica,Petty Whin
Formica (Formica) spec.,Formica+(Formica)+spec.
Corynephorus canescens,Grey Hair grass
Leucanthemum spec.,Leucanthemum+spec.
Bombus pratorum,Early Bumblebee
Arenaria interpres,Ruddy Turnstone
Sericomyia bombiformis,Sericomyia+bombiformis
Phaonia angelicae,Phaonia+angelicae
Eristalis arbustorum,Eristalis+arbustorum
Cyphostethus tristriatus,Juniper Shield Bug
Calcarius lapponicus,Lapland Longspur
Calosoma inquisitor,Calosoma+inquisitor
Radix balthica,Wandering snail
Loxostege sticticalis,Loxostege+sticticalis
Sermylassa halensis,Sermylassa+halensis
Carex digitata,Fingered Sedge
Rhopalus subrufus,Rhopalus+subrufus
Dasysyrphus albostriatus,Dasysyrphus+albostriatus
Cosmia trapezina,Dun-bar
Sarcophaga spec.,Sarcophaga+spec.
Thalera fimbrialis,Sussex Emerald
Enargia paleacea,Angle-striped Sallow
Xestia sexstrigata,Six-striped Rustic
Phengaris teleius,Scarce Large Blue
Galeruca tanaceti,Galeruca+tanaceti
Galium mollugo,Hedge-bedstraw
Harpella forficella,Harpella+forficella
Noctua pronuba,Large Yellow Underwing
Xanthia icteritia,The Sallow
Armeria maritima,Thrift
Haliplus flavicollis,Haliplus+flavicollis
Parthenocissus spec.,Parthenocissus+spec.
Myrmus miriformis,Myrmus+miriformis
Rhyacophila spec.,Rhyacophila+spec.
Bithynia tentaculata,Common Bithynia
Luzula sylvatica,Great Woodrush
Echinops exaltatus,Globe-thistle
Hemiclepsis marginata,Hemiclepsis+marginata
Anthophila fabriciana,Nettle-tap
Anagallis arvensis,Scarlet Pimpernel
Hemipenthes morio,Hemipenthes+morio
Tetraloniella dentata,Dentate Long-horned Bee
Carduus personata,Carduus+personata
Calliphora vomitoria,Calliphora+vomitoria
Urocerus gigas,Giant Wood Wasp
Stauropus fagi,Lobster Moth
Leucozona glaucia,Leucozona+glaucia
Hydaticus seminiger,Hydaticus+seminiger
Cicerbita alpina,Alpine Blue sow thistle
Asplenium trichomanes,Common Spleenwort
Laccophilus poecilus,Laccophilus+poecilus
Lupinus polyphyllus,Garden Lupin
Graphoderus cinereus,Graphoderus+cinereus
Hydroglyphus geminus,Hydroglyphus+geminus
Martes martes,Pine Marten
Trifolium badium,Brown Clover
Heracleum sphondylium,Hogweed
Saxifraga granulata,Meadow Saxifrage
Dinoptera collaris,Dinoptera+collaris
Minois dryas,Dryad
Laphria flava,Laphria+flava
Temnostoma vespiforme,Temnostoma+vespiforme
Alosterna tabacicolor,Alosterna+tabacicolor
Eysarcoris aeneus,New Forest Shieldbug
Campanula alpina,Campanula+alpina
Fraxinus excelsior,Ash
Lloydia serotina,Lloydia+serotina
Eulithis populata,Northern Spinach
Amelanchier ovalis,Snowy Mespilus
Acronicta rumicis,Knot Grass
Galeopsis ladanum,Broad-leaved Hemp-nettle
Scabiosa ochroleuca,Cream pincushions
Tenthredo campestris,Tenthredo+campestris
Idaea biselata,Small Fan-footed Wave
Sedum alpestre,Sedum+alpestre
Bidens cernua,Nodding Bur marigold
Hydriomena furcata,July Highflyer
Cabera pusaria,Common White Wave
Arvicola amphibius/scherman,Eurasian Water Vole
Thlaspi arvense,Field Penny-cress
Hylotelephium telephium subsp. maximum,Great Stonecrop
Antennaria carpatica,Antennaria+carpatica
Pedicularis sceptrum-carolinum,Pedicularis+sceptrum-carolinum
Euphydryas aurinia,Marsh Fritillary
Mythimna ferrago,The Clay
Cheilosia fasciata,Cheilosia+fasciata
Polypogon tentacularia,Polypogon+tentacularia
Cepphis advenaria,Little Thorn
Eupithecia centaureata,Lime-speck Pug
Pimpinella major,Greater Burnet saxifrage
Myosurus minimus,Mousetail
Malacosoma neustria,Lackey Moth
Kiefferia pericarpiicola,Kiefferia+pericarpiicola
Dactylorhiza fuchsii subsp. fuchsii,Dactylorhiza+fuchsii+subsp.+fuchsii
Cirsium erisithales,Yellow Thistle
Strix aluco aluco,Tawny Owl ssp aluco
Primula auricula,Auricula
Caenis rivulorum,Caenis+rivulorum
Hylotelephium spec.,Hylotelephium+spec.
Viviparus viviparus,River snail
Catocala fulminea,Catocala+fulminea
Monopis monachella,Monopis+monachella
Vicia cassubica,Danzig Vetch
Neomys spec.,Neomys+spec.
Arabis glabra,Arabis+glabra
Pedicularis verticillata,Whorled lousewort
Rattus spec.,Rattus+spec.
Chrysops sepulcralis,Chrysops+sepulcralis
Pipiza noctiluca,Pipiza+noctiluca
Platycheirus europaeus,Platycheirus+europaeus
Pipizella viduata,Pipizella+viduata
Dianthus barbatus,Sweet-William
Veronica dillenii,Dillenius' speedwell
Coracias garrulus,European Roller
Ergates faber,Ergates+faber
Paragus finitimus,Paragus+finitimus
Conops quadrifasciatus,Conops+quadrifasciatus
Typhaeus typhoeus,Minotaur Beetle
Polygonatum verticillatum,Whorled Solomon's-seal
Erebia ligea,Arran Brown
Cardamine trifolia,Trefoil Cress
Gerris thoracicus,Gerris+thoracicus
Turdus torquatus alpestris,Ring Ouzel ssp alpestris
Antennaria dioica,Mountain Everlasting
Erysimum cheiranthoides,Treacle Mustard
Polystichum lonchitis,Holly Fern
Rapistrum rugosum,Bastard Cabbage
Phylloscopus collybita collybita,Common Chiffchaff ssp collybita
Bombycilla garrulus,Bohemian Waxwing
Strix uralensis macroura,Ural Owl ssp macroura
Cercopis vulnerata,Cercopis+vulnerata
Bupleurum longifolium,Bupleurum+longifolium
Pipiza spec.,Pipiza+spec.
Milvus migrans,Black Kite
Juncus inflexus,Hard Rush
Mus musculus,House Mouse
Trichius spec.,Trichius+spec.
Petasites hybridus,Pestilence wort
Calidris temminckii,Temminck's Stint
Cerapteryx graminis,Antler Moth
Corallorhiza trifida,Early Coralroot
Pamponerus germanicus,Pamponerus+germanicus
Pulsatilla pratensis,Pulsatilla+pratensis
Capreolus capreolus capreolus,European Roe Deer ssp capreolus
Locustella luscinioides,Savi's Warbler
Rhytidiadelphus squarrosus,Springy Turf-moss
Laspeyria flexula,Beautiful Hook-tip
Pelophylax lessonae,Pool Frog
Falco vespertinus,Red-footed Falcon
Asplenium viride,Green Spleenwort
Lathyrus spec.,Lathyrus+spec.
Campanula spec.,Campanula+spec.
Ribes alpinum,Mountain Currant
Martes foina,Beech Marten
Harmonia axyridis f. conspicua,Harmonia+axyridis+f.+conspicua
Cimbex femoratus,Cimbex
Leptophyes albovittata,Striped Bush-Cricket
Geranium purpureum,Little Robin
Chrysosplenium oppositifolium,Opposite-leaved Golden Saxifrage
Nymphalis polychloros,Large Tortoiseshell
Aglia tau,Tau Emperor
Cardamine amara,Large Bitter-cress
Triturus cristatus,Northern Crested Newt
Oulema spec.,Oulema+spec.
Agathomyia spec.,Agathomyia+spec.
Melanostoma spec.,Melanostoma+spec.
Phengaris nausithous,Dusky Large Blue
Sympetrum danae,Black Darter
Carex disticha,Brown Sedge
Tipula luna,Tipula+luna
Struthiopteris spicant,Hard-fern
Eurydema dominulus,Scarlet Shieldbug
Limosa limosa,Black-tailed Godwit
Lissotriton vulgaris,Smooth Newt
Medicago lupulina,Black Medick
Prunella modularis,Dunnock
Falco subbuteo,Eurasian Hobby
Vespula rufa,Red-banded Yellowjacket
Lullula arborea,Woodlark
Myotis daubentonii,Daubenton's Bat
Dianthus armeria,Deptford Pink
Lophophanes cristatus,Crested Tit
Brachypalpoides lentus,Brachypalpoides+lentus
Cardamine pentaphyllos,Five-leaflet Bitter-cress
Motacilla alba alba,White Wagtail ssp alba
Cheilosia urbana,Cheilosia+urbana
Senecio ovatus,Wood ragwort
Cheilosia velutina,Cheilosia+velutina
Juncus bufonius,Toad Rush
Zygoptera indet.,Zygoptera+indet.
Oenothera spec.,Oenothera+spec.
Cucujus cinnaberinus,Cucujus+cinnaberinus
Fagopyrum esculentum,Common buckwheat
Bombus campestris,Field Cuckoo Bee
Plantago major subsp. major,Greater Plantain
Accipiter gentilis,Northern Goshawk
Anthus pratensis,Meadow Pipit
Silaum silaus,Pepper Saxifrage
Lotus maritimus,Dragon's-teeth
Aphanes australis,Slender Parsley piert
Harmandiola tremulae,Harmandiola+tremulae
Egretta garzetta,Little Egret
Platanthera chlorantha,Greater Butterfly orchid
Salmo trutta,Atlantic trout
Chalcosyrphus nemorum,Chalcosyrphus+nemorum
Silurus glanis,Wels catfish
Trifolium spec.,Trifolium+spec.
Macaria notata,Peacock Moth
Macrosaccus robiniella,Leaf Blotch Miner Moth
Cheilosia pagana,Cheilosia+pagana
Helophilus affinis,Helophilus+affinis
Misgurnus fossilis,European weatherfish
Bombus rupestris,Red-tailed Cuckoo Bee
Bombus (Psithyrus) spec.,Bombus+(Psithyrus)+spec.
Eristalis intricaria,Eristalis+intricaria
Viola palustris,Marsh Violet
Hyponephele lycaon,Dusky Meadow Brown
Alca torda,Razorbill
Polystichum aculeatum,Polystichum aculeatum
Cupido minimus,Little Blue
Thymus pulegioides,Large Thyme
Perdix perdix perdix,Grey Partridge ssp perdix
Erinaceus roumanicus,Northern White-breasted Hedgehog
Chlidonias niger niger,Black Tern ssp niger
Lupinus luteus,Sweet Lupin
Pseudochorthippus montanus,Pseudochorthippus+montanus
Locustella naevia,Common Grasshopper Warbler
Apeira syringaria,Lilac Beauty
Colias hyale,Pale Clouded Yellow
Veronica beccabunga,Brooklime Speedwell
Chrysogaster cemiteriorum,Chrysogaster+cemiteriorum
Galium rotundifolium,Round leaved bedstraw
Peribatodes rhomboidaria,Willow Beauty
Leucorrhinia dubia,Small Whiteface
Haematopus ostralegus,Eurasian Oystercatcher
Fallopia japonica,Japanese Knotweed
Coccothraustes coccothraustes coccothraustes,Hawfinch ssp coccothraustes
Lilioceris lilii,Lily Beetle
Jacobaea alpina,Jacobaea+alpina
Carlina acaulis,Stemless Carline Thistle
Pinus mugo,Mugo pine
Potentilla recta,Erect Cinquefoil
Eristalis horticola,Eristalis+horticola
Mareca penelope,Eurasian Wigeon
Reduvius personatus,Masked Hunter
Aposeris spec.,Aposeris+spec.
Cryptocephalus spec.,Cryptocephalus+spec.
Neoascia meticulosa,Neoascia+meticulosa
Emberiza calandra calandra,Corn Bunting ssp calandra
Phlyctis argena,Whitewash lichen
Gypsophila repens,Alpine Gypsophila
Eristalis nemorum,Eristalis+nemorum
Osmoderma eremita,Osmoderma+eremita
Tyria jacobaeae,Cinnabar
Satyrium pruni,Black Hairstreak
Thuidium tamariscinum,Common Tamarisk-moss
Candelariella aurella,Hidden goldspeck lichen
Rubus saxatilis,Stone Bramble
Thalasseus sandvicensis,Sandwich Tern
Ciconia ciconia ciconia,White Stork ssp ciconia
Asio otus otus,Long-eared Owl ssp otus
Osmia caerulescens,Blue Mason Bee
Dendrocoptes medius medius,Middle Spotted Woodpecker ssp medius
Cephalanthera damasonium,White Helleborine
Radula complanata,Flat-leaved scalewort
Berberis spec.,Berberis+spec.
Buteo lagopus,Rough-legged Buzzard
Adalia bipunctata,2-spot Ladybird
Platystomos albinus,Platystomos+albinus
Scathophaga stercoraria,Yellow Dung Fly
Melanelixia subaurifera,Abraded camouflage lichen
Hydrocoloeus minutus,Little Gull
Papaver argemone,Pale Poppy
Sympetrum pedemontanum,Banded Darter
Pteridium aquilinum,Western brackenfern
Pulmonaria obscura,Suffolk Lungwort
Ceratomegilla undecimnotata,Ceratomegilla+undecimnotata
Populus nigra,Black Poplar
Bromus hordeaceus,Soft-brome
Dianthus spec.,Dianthus+spec.
Gyromitra esculenta,False Morel
Piptoporus betulinus,Birch Polypore
Hemaris tityus,Narrow-bordered Bee Hawk-moth
Phragmataecia castaneae,Reed Leopard
Carduus defloratus,Carduus+defloratus
Alopecurus pratensis,Meadow Foxtail
Acrocephalus palustris,Marsh Warbler
Geranium pyrenaicum,Hedgerow Crane's-bill
Clanga spec.,Clanga+spec.
Hypogymnia physodes,Hypogymnia+physodes
Ramalina fraxinea,Cartilage Lichen
Saxifraga aizoides,Yellow Saxifrage
Coloeus monedula monedula,Western Jackdaw ssp monedula
Galerida cristata,Crested Lark
Rorippa amphibia,Great Yellow-cress
Tethea or,Poplar Lutestring
Carex pairae,Carex+pairae
Campanula rapunculoides,Creeping bellflower
Bromus arvensis,Field brome
Variospora flavescens,Variospora+flavescens
Corvus corax corax,Northern Raven ssp corax
Sphinx ligustri,Privet Hawk-moth
Turritis glabra,Garden Arabis
Ribes nigrum,Black Currant
Plagodis dolabraria,Scorched Wing
Salamandra salamandra,Fire Salamander
Cosmorhoe ocellata,Purple Bar
Aeshna grandis,Brown Hawker
Eupithecia intricata,Freyer's Pug
Picus viridis viridis,European Green Woodpecker ssp viridis
Anas platyrhynchos forma domestica,Anas+platyrhynchos+forma+domestica
Athallia holocarpa,Athallia+holocarpa
Androsace obtusifolia,Androsace+obtusifolia
Veratrum lobelianum,Veratrum+lobelianum
Eristalis cryptarum,Eristalis+cryptarum
Acrocephalus arundinaceus arundinaceus,Great Reed Warbler ssp arundinaceus
Carex cespitosa,Carex+cespitosa
Erodium cicutarium,Common Stork's-bill
Anthoxanthum aristatum,Annual Vernal-grass
Pleurozium schreberi,Red-stemmed feather moss
Lathyrus niger,Black Pea
Cimbex luteus,Cimbex+luteus
Dianthus superbus,Superb Pink
Epipactis spec.,Epipactis+spec.
Prunus padus,Bird Cherry
Garrulus glandarius glandarius,Eurasian Jay ssp glandarius
Lecidella elaeochroma,Gray-green disc lichen
Circus aeruginosus aeruginosus,Western Marsh Harrier ssp aeruginosus
Frullania dilatata,Dilated Scalewort
Lysandra coridon,Chalk Hill Blue
Ostrinia palustralis,Ostrinia+palustralis
Anser serrirostris,Tundra Bean Goose
Limosa limosa limosa,Black-tailed Godwit ssp limosa
Tadorna tadorna,Common Shelduck
Lecanora carpinea,Lecanora+carpinea
Rhytidiadelphus triquetrus,Big Shaggy-moss
Hesperis matronalis,Dame's-violet
Sphagnum capillifolium,Small red peat moss
Polycauliona polycarpa,Pin-cushion sunburst lichen
Taleporia tubulosa,Taleporia+tubulosa
Sitta europaea caesia,Eurasian Nuthatch ssp caesia
Climacium dendroides,Northern tree moss
Parectopa robiniella,Locust Digitate Leafminer Moth
Cheilosia carbonaria,Cheilosia+carbonaria
Ranunculus sceleratus,Celery-leaved Buttercup
Rhinanthus minor,Yellow-rattle
Phoenicurus ochruros gibraltariensis,Black Redstart ssp gibraltariensis
Melampyrum arvense,Field Cow wheat
Anthriscus sylvestris,Cow Parsley
Carex spicata,Prickly sedge
Scopula nigropunctata,Sub-angled Wave
Cicuta virosa,Cowbane
Symphoricarpos spec.,Symphoricarpos+spec.
Secale cereale,Rye
Pyrausta nigrata,Pyrausta+nigrata
Aesculus hippocastanum,Horse-chestnut
Helianthemum nummularium,Common Rock-rose
Sympetrum depressiusculum,Spotted Darter
Viola reichenbachiana,Early Dog-violet
Soldanella spec.,Soldanella+spec.
Lycopodium complanatum,Complanate Clubmoss
Berula erecta,Lesser Water-parsnip
Allium scorodoprasum,Sand leek
Cheilosia vernalis,Cheilosia+vernalis
Oedipoda spec.,Oedipoda+spec.
Leucodonta bicoloria,White Prominent
Ligustrum vulgare,Wild Privet
Melica nutans,Mountain Melick
Eupeodes latifasciatus,Eupeodes+latifasciatus
Logfia minima,Small Cudweed
Galium sylvaticum,Wood Bedstraw
Verbascum lychnitis,White mullein
Anacamptis coriophora,Bug Orchid
Galinsoga quadriradiata,Shaggy soldier
Tephroseris palustris,Marsh Fleawort
Vicia villosa subsp. varia,Vicia+villosa+subsp.+varia
Dypterygia scabriuscula,Bird's Wing
Gypaetus barbatus,Bearded Vulture
Alopochen aegyptiaca,Egyptian Goose
Onopordum acanthium agg.,Onopordum+acanthium+agg.
Physcia tenella,Fringed rosette lichen
Lecanora albescens,Lecanora+albescens
Sympecma spec.,Sympecma+spec.
Pontania proxima,Pontania+proxima
Ranunculus alpestris,Ranunculus+alpestris
Aeshna viridis,Green Hawker
Phylloscopus trochiloides,Greenish Warbler
Pilosella officinarum,Mouse-ear Hawkweed
Avena fatua,Wild oat
Centaurea scabiosa,Greater Knapweed
Hylocomium splendens,Stairstep moss
Trollius europaeus,Globeflower
Carex vulpina,True Fox sedge
Moneses uniflora,One-flowered Wintergreen
Calogaya decipiens,Calogaya+decipiens
Arctostaphylos uva-ursi,Bearberry
Satyrium ilicis,Ilex Hairstreak
Sedum sexangulare,Tasteless stonecrop
Mustela vison,Mustela+vison
Sylvia borin,Garden Warbler
Lactuca tatarica,Tartarine Lettuce
Regulus ignicapilla,Common Firecrest
Fritillaria meleagris,Fritillary
Hieracium murorum,Few leaved Hawkweed
Epistrophe grossulariae,Epistrophe+grossulariae
Exochomus quadripustulatus,Pine ladybird
Thecla betulae,Brown Hairstreak
Chloroclystis v-ata,V-Pug
Saxifraga adscendens,Wedge leaved saxifrage
Chrysomela vigintipunctata,Chrysomela+vigintipunctata
Stathmopoda pedella,Stathmopoda+pedella
Epipactis helleborine subsp. helleborine,Broad-leaved Helleborine
Chorthippus vagans,Heath grasshopper
Melanitta fusca,Velvet Scoter
Kindbergia praelonga,Slender beaked moss
Bryum argenteum,Silvery bryum
Plebejus argus,Silver-studded Blue
Cyclophora annularia,Mocha
Chaerophyllum hirsutum,Hairy Chervil
Pelophylax ridibundus,Eurasian Marsh Frog
Eupithecia vulgata,Common Pug
Isopyrum thalictroides,Isopyrum
Stigmella hemargyrella,Stigmella+hemargyrella
Buteo buteo buteo,Common Buzzard ssp buteo
Melangyna umbellatarum,Melangyna+umbellatarum
Eristalis similis,Eristalis+similis
Bunias orientalis,Warty Cabbage
Ameiurus melas,Black bullhead
Chalcolestes viridis,Western Willow Spreadwing
Conistra rubiginea,Dotted Chestnut
Agrimonia procera,Fragrant Agrimony
Eupithecia tantillaria,Dwarf Pug
Bromopsis inermis subsp. inermis,Bromopsis+inermis+subsp.+inermis
Thamnolia vermicularis,Whiteworm lichen
Minucia lunaris,Lunar Double-stripe
Plagiomnium affine,Many-fruited thyme-moss
Athene noctua,Little Owl
Eristalinus aeneus,Eristalinus+aeneus
Euphorbia esula,Leafy spurge
"Sarcoscypha coccinea sl, incl. austriaca","Sarcoscypha+coccinea+sl,+incl.+austriaca"
Hylotelephium telephium,Orpine
Gavia arctica,Black-throated Loon
Pyrausta sanguinalis,Pyrausta+sanguinalis
Xanthorhoe ferrugata,Dark-barred Twin-spot Carpet
Lathraea clandestina,Purple Toothwort
Sphecodes albilabris,Sphecodes+albilabris
Vulpes vulpes crucigera,European Fox
Sesia apiformis,Hornet Moth
Pelophylax kl. esculentus,Pelophylax+kl.+esculentus
Saxifraga caesia,Saxifraga+caesia
Cardamine glanduligera,Cardamine+glanduligera
Aythya ferina,Common Pochard
Myzia oblongoguttata,Striped Ladybird
Dracocephalum ruyschiana,Dracocephalum+ruyschiana
Himantopus himantopus,Black-winged Stilt
Eristalis picea,Eristalis+picea
Polistes spec.,Polistes+spec.
Avena sativa,Cultivated Oat
Asio flammeus,Short-eared Owl
Orthilia secunda,Toothed Wintergreen
Gladiolus spec.,Gladiolus+spec.
Motacilla flava flava,Blue-headed Wagtail
Orchis mascula,Early purple Orchid
Actinotia polyodon,Purple Cloud
Campanula cochleariifolia,Fairies' thimbles
Mergus serrator,Red-breasted Merganser
Macoma balthica,Macoma+balthica
Narcissus poeticus,Pheasant's-eye Daffodil
Eptesicus nilssonii,Northern Bat
Turdus philomelos philomelos,Song Thrush ssp philomelos
Lysimachia nemorum,Yellow Pimpernel
Asparagus officinalis subsp. officinalis,Asparagus
Funaria hygrometrica,Bonfire Moss
Polygonatum odoratum,Angular Solomon's-seal
Luscinia megarhynchos,Common Nightingale
Emys orbicularis,European Pond Terrapin
Clitellaria ephippium,Clitellaria+ephippium
Calamagrostis arenaria,Marram
Syrphus ribesii,Syrphus+ribesii
Equisetum arvense,Field horsetail
Cupido decoloratus,Eastern Short-tailed Blue
Carex buxbaumii,Buxbaum's sedge
Dactylorhiza baltica,Dactylorhiza+baltica
Dasysyrphus venustus,Dasysyrphus+venustus
Trichocolea tomentella,Woolly liverwort
Lycaena dispar rutila,Large Copper
Tripleurospermum maritimum,False mayweed (maritimum)
Helophilus hybridus,Helophilus+hybridus
Polystichum braunii,Braun's hollyfern
Notonecta spec.,Notonecta+spec.
Daphne spec.,Daphne+spec.
Selaginella selaginoides,Lesser Clubmoss
Eupithecia pulchellata,Foxglove Pug
Picidae indet.,Picidae+indet.
Coloeus monedula soemmerringii,Western Jackdaw ssp soemmerringii
Hammarbya paludosa,Bog adder's-mouth orchid
Carex limosa,Bog-sedge
Tettigoniidae indet.,Tettigoniidae+indet.
Mutillidae indet.,Mutillidae+indet.
Eurimyia lineata,Eurimyia+lineata
Schizotus pectinicornis,Schizotus+pectinicornis
Capreolus spec.,Capreolus+spec.
Physcia adscendens,Physcia+adscendens
Aegolius funereus,Boreal Owl
Hydrocotyle vulgaris,Marsh Pennywort
Lepraria incana,Dust lichen
Pinguicula spec.,Pinguicula+spec.
Lysandra bellargus,Adonis Blue
Polypodium interjectum + Polypodium vulgare,Polypodium+interjectum+++Polypodium+vulgare
Mustela erminea,Stoat
Metzgeria furcata,Forked veilwort
Carlina vulgaris,Carline Thistle
Triticum aestivum,Bread Wheat
Cheilosia variabilis,Cheilosia+variabilis
Equisetum variegatum,Variegated Horsetail
Evernia prunastri,Oakmoss lichen
Lamiastrum galeobdolon subsp. montanum,Lamiastrum+galeobdolon+subsp.+montanum
Lecanora polytropa,Lecanora+polytropa
Ornithogalum pyrenaicum,Pyrenees star of Bethlehem
Lophocolea heterophylla,Variable-leaved Crestwort
Corvus corone,Carrion Crow
Flavoplaca citrina,Flavoplaca+citrina
Sphagnum palustre,Blunt-leaved peat moss
Eptesicus serotinus,Serotine
Eryngium planum,Blue Eryngo
Alopecurus aequalis,Orange Foxtail
Platycerus caraboides,Blue Stag Beetle
Anemone sylvestris,Snowdrop Anemone
Anser fabalis / Anser serrirostris,Taiga Bean Goose
Erica tetralix,Cross-leaved Heath
Lynx lynx,Eurasian Lynx
Astragalus arenarius,Astragalus+arenarius
Carex canescens,White Sedge
Vicia sylvatica,Vicia+sylvatica
Carex pilulifera,Pill sedge
Sabra harpagula,Scarce Hook-tip
Lecanora chlarotera,Brown rim-lichen
Anser fabalis fabalis,Taiga Bean Goose ssp fabalis
Arrhenatherum elatius,False Oat-grass
Carex ericetorum,Rare Spring-sedge
Persicaria amphibia,Amphibious Bistort
Silene nutans,Nottingham Catchfly
Cladonia portentosa,Cladonia+portentosa
Electra pilosa,Hairy sea-mat
Mnium hornum,Swan's-neck leafy moss
Sisymbrium altissimum,Tall Rocket
Geum montanum,Geum+montanum
Galium boreale,Northern bedstraw
Asio flammeus flammeus,Short-eared Owl ssp flammeus
Cerinthe spec.,Cerinthe+spec.
Candelariella vitellina,Candelariella+vitellina
Jovibarba sobolifera,Jovibarba+sobolifera
Thymus serpyllum,Breckland Thyme
Crepis biennis,Rough Hawk's-beard
Cladonia spec.,Cladonia+spec.
Ballota nigra subsp. nigra,Ballota+nigra+subsp.+nigra
Eupeodes nitens,Eupeodes+nitens
Epistrophe melanostoma,Epistrophe+melanostoma
Racomitrium canescens,Hoary fringe-moss
Grimmia pulvinata,Grey-cushioned Grimmia
Carex elongata,Elongated Sedge
Phaeophyscia orbicularis,Phaeophyscia+orbicularis
Ramalina farinacea,Dotted bush lichen
Lecanora symmicta,Fused rim-lichen
Lecanora muralis,Lecanora+muralis
Carex muricata,Prickly Sedge
Didea intermedia,Didea+intermedia
Xanthorhoe designata,Flame Carpet
Anaglyptus mysticus,Anaglyptus+mysticus
Carex lepidocarpa,Long stalked Yellow sedge
Porcellio spinicornis,Painted woodlouse
Arum maculatum,Lords-and-Ladies
Cassida viridis,Green Tortoise Beetle
Andrena vaga,Grey-backed Mining Bee
Tilia cordata + Tilia platyphyllos + Tilia x europaea,Tilia+cordata+++Tilia+platyphyllos+++Tilia+x+europaea
Bombus lucorum,White-tailed Bumblebee
Cardamine flexuosa,Wavy Bitter-cress
Schoenus nigricans,Black Bog-rush
Homalia trichomanoides,Common flat-branch moss
Oberea oculata,Oberea+oculata
Carex otrubae,False Fox-sedge
Epistrophe ochrostoma,Epistrophe+ochrostoma
Campanula rapunculus,Rampion Bellflower
Zapornia parva,Little Crake
Ulota bruchii,Bruch’s Pincushion
Robinia pseudoacacia,False-acacia
Pyrgus carthami,Safflower Skipper
Schoenoplectus tabernaemontani,Grey Club rush
Melilotus officinalis,Ribbed Melilot
Arabidopsis arenosa,Sand Rock cress
Carex pallescens,Carex+pallescens
Lestes virens,Small Spreadwing
Dactylorhiza fuchsii + Dactylorhiza maculata,Dactylorhiza+fuchsii+++Dactylorhiza+maculata
Galium schultesii,Galium+schultesii
Carex pilosa,Carex+pilosa
Androsace septentrionalis,Pygmyflower rock jasmine
Gratiola officinalis,Gratiola
Gentianopsis ciliata,Fringed Gentian
Rhynchospora alba,White Beak-sedge
Carex acuta,Slender Tufted-sedge
Carex brizoides,Quaking grass Sedge
Pyrola minor,Common Wintergreen
Artemisia campestris subsp. campestris,Field Wormwood
Eupithecia innotata,Angle-barred Pug
Larix decidua,European larch
Liparis loeselii,Fen Orchid
Lathyrus tuberosus,Tuberous Pea
Cerastium arvense,Field Mouse-ear
Costaconvexa polygrammata,Many-lined Moth
Eriophorum angustifolium,Common Cottongrass
Cheilosia flavipes,Cheilosia+flavipes
Festuca altissima,Wood Fescue
Tetrix bipunctata,Two-spotted Groundhopper
Centrotus cornutus,Thorn-hopper
Drosera anglica,Great Sundew
Ceratodon purpureus,Fire moss
Cicindela campestris,Green Tiger Beetle
Bryum capillare,Capillary bryum
Eupithecia spec.,Eupithecia+spec.
Utricularia vulgaris,Utricularia+vulgaris
Deschampsia cespitosa,Tufted Hair-grass
Quercus petraea,Sessile Oak
Dianthus hyssopifolius,Dianthus+hyssopifolius
Carex caryophyllea,Spring-sedge
Idaea dimidiata,Single-dotted Wave
Aristolochia clematitis,Birthwort
Chaerophyllum temulum,Rough chervil
Viola riviniana,Common Dog-violet
Eupithecia virgaureata,Golden-rod Pug
Orthosia gothica,Hebrew Character
Eupithecia satyrata,Satyr Pug
Senecio vernalis,Spring Groundsel
Chalcophora mariana,Chalcophora+mariana
Scrophularia nodosa,Common Figwort
Eupithecia exiguata,Mottled Pug
Anasimyia lunulata,Anasimyia+lunulata
Cladium mariscus,Great Fen-sedge
Clematis recta,Upright clematis
Cerura vinula,Puss Moth
Lomographa temerata,Clouded Silver
Scopula ornata,Lace Border
Anacamptis palustris,Bog Orchid
Juncus compressus,Round-fruited Rush
Necrodes littoralis,Necrodes+littoralis
Cheilosia pubera,Cheilosia+pubera
Hyperoodon ampullatus,North Atlantic Bottlenose Whale
Phleum alpinum subsp. rhaeticum,Phleum+alpinum+subsp.+rhaeticum
Pontia daplidice/edusa,Bath White
Phallus impudicus var. impudicus,Phallus+impudicus+var.+impudicus
Cladonia ciliata,Delicate clad lichen
Prunus serotina,Rum Cherry
Chrysotoxum festivum,Hook-banded Wasp Hoverfly
Monochamus galloprovincialis,Monochamus+galloprovincialis
Anas acuta,Northern Pintail
Polyphylla fullo,Pine Chafer
Drepana curvatula,Dusky Hook-tip
Rumex alpestris,Rumex+alpestris
Leucodon sciuroides,Squirrel-tail moss
Scleranthus annuus subsp. annuus,Annual Knawel
Cheilosia impressa,Cheilosia+impressa
Utricularia minor,Lesser bladderwort
Dipsacus spec.,Dipsacus+spec.
Chrysotoxum vernale,Chrysotoxum+vernale
Chlorophorus varius,Chlorophorus+varius
Scleranthus annuus subsp. polycarpos,Scleranthus+annuus+subsp.+polycarpos
Asio otus,Long-eared Owl
Dactylorhiza incarnata var. incarnata,Dactylorhiza+incarnata+var.+incarnata
Lecanora spec.,Lecanora+spec.
Lecanora campestris,Field rim-lichen
Calliergonella cuspidata,Common large wetland moss
Selenia dentaria,Early Thorn
Rhagio scolopaceus,Rhagio+scolopaceus
Tachina fera/magnicornis,Tachina+fera
Muntiacus spec.,Muntiacus+spec.
Ranunculus ficaria,Ranunculus+ficaria
Pseudoscleropodium purum,Neat Feathermoss
Aquilegia vulgaris,Columbine
Aeshna subarctica elisabethae,Bog Hawker (ssp. elisabethae)
Picromerus bidens,Spiked Shieldbug
Empis tessellata,Empis+tessellata
Potentilla reptans,Creeping cinquefoil
Dicranum scoparium,Broom fork-moss
Viola stagnina,Fen Violet
Rhynchostegium confertum,Clustered Feathermoss
Polytrichum juniperinum,Juniper haircap moss
Rorippa sylvestris,Creeping Yellow cress
Orthotrichum anomalum,Anomalous bristle moss
Cladonia ramulosa,Branched pixie-cup lichen
Cheilosia albitarsis,Cheilosia+albitarsis
Passer montanus montanus,Eurasian Tree Sparrow ssp montanus
Microtus oeconomus,Root Vole
Matricaria spec.,Matricaria+spec.
Myrmica rubra,Myrmica+rubra
Setaria viridis,Green Bristle Grass
Aythya nyroca,Ferruginous Duck
Verbascum phoeniceum subsp. phoeniceum,Verbascum+phoeniceum+subsp.+phoeniceum
Dryopteris dilatata,Broad Buckler fern
Oxyria digyna,Mountain Sorrel
Aeshna affinis,Southern Migrant Hawker
Tethea ocularis,Figure of Eighty
Chrysolina polita,Knotgrass Leaf Beetle
Parhelophilus spec.,Parhelophilus+spec.
Acrocephalus scirpaceus,Common Reed Warbler
Ferdinandea cuprea,Ferdinandea+cuprea
Adalia conglomerata,Adalia+conglomerata
Tolmerus atricapillus,Kite-tailed Robberfly
Coremacera marginata,Sieve-winged Snailkiller
Malachius bipustulatus,Malachius+bipustulatus
Micropterix calthella,Micropterix+calthella
Gomphus pulchellus,Western Clubtail
Salix spec.,Salix+spec.
Sparassis crispa,Sparassis+crispa
Leucanthemopsis alpina,Alpine moon daisy
Pollenia spec.,Pollenia+spec.
Viviparus contectus,Lister's River Snail
Lycium barbarum,Duke of Argyll's Teaplant
Larus argentatus argentatus,Scandinavian Herring Gull
Berberis vulgaris,Common barberry
Leersia oryzoides,Cut grass
Tenthredo scrophulariae,Tenthredo+scrophulariae
Bombus vestalis,Vestal Cuckoo Bee
Sospita vigintiguttata,Sospita+vigintiguttata
Anagallis arvensis subsp. arvensis,Scarlet Pimpernel
Sisymbrium loeselii,False London rocket
Erodium cicutarium subsp. cicutarium,Erodium+cicutarium+subsp.+cicutarium
Andricus foecundatrix,Andricus+foecundatrix
Ostrinia nubilalis,European corn borer
Graphis scripta,Graphis+scripta
Morchella elata,Morchella+elata
Anthemis arvensis,Corn chamomile
Lamia textor,Lamia+textor
Physconia grisea,Physconia+grisea
Fabriciana niobe,Niobe Fritillary
Spilomyia spec.,Spilomyia+spec.
Eristalis anthophorina,Eristalis+anthophorina
Viola mirabilis,Wonder violet
Calogaya pusilla,Calogaya+pusilla
Pyrola chlorantha,Green flower wintergreen
Carex acutiformis,Lesser Pond-sedge
Silene borysthenica,Silene+borysthenica
Candelariella reflexa,Candelariella+reflexa
Pseudochorthippus spec.,Pseudochorthippus+spec.
Rhyparia purpurata,Purple Tiger
Bartsia alpina,Alpine Bartsia
Melitaea (Mellicta) spec.,Melitaea+(Mellicta)+spec.
Syringa vulgaris,Common lilac
Physcia caesia,Blue-gray rosette lichen
Cosmos bipinnatus,Purple Mexican Aster
Moma alpium,Scarce Merveille du Jour
Neuroterus quercusbaccarum,Common Spangle Gall Wasp
Carlina biebersteinii,Carlina+biebersteinii
Carex distans,Distant sedge
Cerastoderma edule,Common Cockle
Carex umbrosa,Carex+umbrosa
Carex colchica,Carex+colchica
Scutellaria columnae,Large Skullcap
Cephalanthera rubra,Red Helleborine
Carex hartmanii,Carex+hartmanii
Carex pseudocyperus,Cyperus Sedge
Phallus impudicus,Common Stinkhorn
Alopecurus myosuroides,Black-grass
Cynoglossum officinale,Hound's-tongue
Chaerophyllum bulbosum,Bulbous Chervil
Chrysosplenium spec.,Chrysosplenium+spec.
Stellaria aquatica,Water Chickweed
Cuscuta europaea,Greater dodder
Argynnis paphia f. valesina,Argynnis+paphia+f.+valesina
Hydria undulata,Scallop shell moth
Blysmus compressus,Broad Blysmus
Hypochaeris maculata,Spotted Cat's-ear
Lentinus tigrinus,Lentinus+tigrinus
Leymus arenarius,Lyme-grass
Limax maximus,Leopard Slug
Boloria aquilonaris,Cranberry Fritillary
Ischnura pumilio,Small Bluetail
Cytisus scoparius,Scotch broom
Campanula rotundifolia,Harebell
Sempervivum montanum,Mountain House-leek
Bombus terrestris,Buff-tailed Bumblebee
Gobio gobio,Gudgeon
Omocestus viridulus viridulus,Omocestus+viridulus+viridulus
Vicia grandiflora,Large flowered Vetch
Phalacrocorax carbo sinensis,Great Cormorant ssp sinensis
Prunus mahaleb,Saint Lucie Cherry
Camelina sativa,False Flax
Silene armeria,Sweet-William Catchfly
Salix babylonica,Weeping Willow
Arctium lappa,Greater burdock
Helictochloa pratensis,Meadow Oat-grass
Juncus trifidus,Three leaved Rush
Polygala comosa,Tufted Milkwort
Viola elatior,Viola+elatior
Polistes nimpha,Polistes+nimpha
Eupithecia subumbrata,Shaded Pug
Eleocharis palustris,Eleocharis+palustris
Plectrophenax nivalis,Snow Bunting
Pholidoptera aptera,Pholidoptera+aptera
Columba oenas,Stock Dove
Apera spica-venti,Loose Silky bent
Aphidecta obliterata,Larch Ladybird
Racomitrium spec.,Racomitrium+spec.
Hypnum cupressiforme,Hypnum+cupressiforme
Ophioglossum vulgatum,Adder's-tongue
Armeria maritima subsp. elongata,Tall Thrift
Arnica montana,Mountain arnica
Ranunculus circinatus,Water crowfoot
Cleora cinctaria,Ringed Carpet
Chimaphila umbellata,Pipsissewa
Anisantha tectorum,Drooping Brome
Lanius senator,Woodchat Shrike
Euonymus verrucosus,Euonymus+verrucosus
Anacamptis palustris subsp. palustris,Anacamptis+palustris+subsp.+palustris
Tortula muralis,Tortula+muralis
Allium vineale,Wild Onion
Somatochlora arctica,Northern Emerald
Carex dioica,Dioecious Sedge
Polytrichum piliferum,Bristly haircap moss
Sparganium natans,Least Bur reed
Agrotera nemoralis,Agrotera+nemoralis
Lestes virens vestalis,Small Spreadwing (ssp. vestalis)
Aethalura punctulata,Grey Birch
Ajuga genevensis,Blue bugle
Dicranella heteromalla,Silky forklet moss
Carex arenaria,Sand sedge
Orthotrichum diaphanum,White-tipped Bristlemoss
Hedychrum rutilans,Hedychrum+rutilans
Anasimyia transfuga,Anasimyia+transfuga
Crepis paludosa,Marsh Hawk's-beard
Angerona prunaria,Orange Moth
Leucobryum glaucum,White pincushion moss
Cladonia fimbriata,Trumpet lichen
Leptoglossus occidentalis,Western conifer seed bug (WCSB)
Criorhina floccosa,Criorhina+floccosa
Galium mollugo subsp. erectum,Galium+mollugo+subsp.+erectum
Anticollix sparsata,Dentated Pug
Galeopsis spec.,Galeopsis+spec.
Melanogaster aerosa,Melanogaster+aerosa
Senecio inaequidens,Narrow-leaved Ragwort
Elasmucha grisea,Parent Bug
Oedemera lurida/virescens,Oedemera+lurida
Chrysotoxum cautum,Large Wasp Hoverfly
Dactylorhiza praetermissa subsp. junialis,Common Marsh Orchid
Corispermum pallasii,Hyssop leaved Tickseed
Colletes fodiens,Hairy-saddled Colletes
Lunaria rediviva,Perennial honesty
Allium spec.,Allium+spec.
Coturnix coturnix,Common Quail
Cardamine heptaphylla,Pinnate Coralroot
Lonicera xylosteum,Fly Honeysuckle
Abies alba,European silver fir
Alisma plantago-aquatica,Water-plantain
Tropinota hirta,Tropinota+hirta
Stropharia rugosoannulata,Stropharia+rugosoannulata
Micromys minutus,Eurasian Harvest Mouse
Trifolium alpestre,Purple globe clover
Solanum nigrum,Black nightshade
Sericomyia superbiens,Sericomyia+superbiens
Musca autumnalis,Face Fly
Primula elatior subsp. elatior,Primula+elatior+subsp.+elatior
Abraxas grossulariata,Magpie
Stigmella tityrella,Stigmella+tityrella
Pyrochroa spec.,Pyrochroa+spec.
Solidago canadensis + Solidago gigantea,Solidago+canadensis+++Solidago+gigantea
Cordulia spec.,Cordulia+spec.
Philaenus spumarius,Common froghopper
Nicrophorus vespillo,Common Burying Beetle
Corvus cornix cornix,Hooded Crow ssp cornix
Coelioxys alatus,Coelioxys+alatus
Potentilla verna,Spring Cinquefoil
Centaurea triumfettii,Centaurea+triumfettii
Plagiomnium undulatum,Hart’s-tongue Thyme-moss
Stachys germanica,Downy Woundwort
Rhodiola spec.,Rhodiola+spec.
Petasites albus,White Butterbur
Asplenium septentrionale,Forked spleenwort
Artemisia campestris,Field sagewort
Chrysomela saliceti,Chrysomela+saliceti
Lamium album,White Dead-nettle
Verrucaria nigrescens,Dark brown speck lichen
Equisetum hyemale,Rough Horsetail
Boloria eunomia,Bog Fritillary
Thuidium abietinum,Fir tamarisk-moss
Formica rufa,Formica+rufa
Hippophae rhamnoides,Sea buckthorn
Dasypoda hirtipes/morawitzi,Pantaloon Bee
Melanelixia fuliginosa + glabratula,Melanelixia+fuliginosa+++glabratula
Erigeron annuus subsp. septentrionalis,Erigeron+annuus+subsp.+septentrionalis
Hieracium spec.,Hieracium+spec.
Polistes dominula/nimpha/foederatus/gallicus/mongolicus,European Paper Wasp
Picus canus x Picus viridis,Picus+canus+x+Picus+viridis
Ranunculus spec.,Ranunculus+spec.
Aricia artaxerxes,Northern Brown Argus
Stachys recta,Yellow Woundwort
Carex montana,Soft leaved Sedge
Zeuzera pyrina,Leopard Moth
Neottia cordata,Lesser Twayblade
Neckera complanata,Flat Neckera
Homalothecium sericeum,Silky Wall Feathermoss
Hierochloe hirta,Hierochloe+hirta
Troilus luridus,Bronze Shieldbug
Carex curvata,Carex+curvata
Trifolium repens,White clover
Tetraphis pellucida,Common four-toothed moss
Astragalus danicus,Purple Milk vetch
Athripsodes albifrons,Athripsodes+albifrons
Digitalis lutea,Straw foxglove
Danthonia decumbens,Heath-grass
Staphylinus caesareus,Staphylinus+caesareus
Monotropa spec.,Monotropa+spec.
Rusavskia elegans,Elegant sunburst lichen
Hypochaeris radicata,Cat's-ear
Ptilidium pulcherrimum,Tree fringewort
Carex davalliana,Davall's Sedge
Pyrola media,Intermediate Wintergreen
Aulacomnium palustre,Ribbed bog moss
Ornithopus perpusillus,Little white bird's-foot
Arnoseris minima,Lamb's Succory
Carex oederi,Small-fruited Yellow-sedge
Astragalus cicer,Chick pea Milk vetch
Jacobaea paludosa,Fen Ragwort
Melampyrum cristatum,Crested Cow wheat
Falcaria vulgaris,Longleaf
Pinus mugo agg.,Pinus+mugo+agg.
Aclypea opaca,Aclypea+opaca
Pedicularis oederi,Oeder's lousewort
Leucaspius delineatus,White aspe
Juncus effusus,Common rush
Lycopodium spec.,Lycopodium+spec.
Carex praecox,Early Sedge
Lolium perenne,Perennial Rye-grass
Aphodius fimetarius,Aphodius+fimetarius
Lunaria annua,Honesty
Certhia brachydactyla,Short-toed Treecreeper
Coloeus monedula spermologus,Western Jackdaw ssp spermologus
Eupithecia tripunctaria,White-spotted Pug
Eristalis abusiva,Eristalis+abusiva
Fumaria officinalis,Common Fumitory
Elymus repens,Couch grass
Chrysotoxum verralli,Verrall's Wasp Hoverfly
Chondrilla juncea,Chondrilla
Helichrysum arenarium subsp. arenarium var. arenarium,Helichrysum+arenarium+subsp.+arenarium+var.+arenarium
Calocera viscosa,Calocera+viscosa
Cheilosia canicularis,Cheilosia+canicularis
Dryopteris cristata,Crested Buckler fern
Campanula scheuchzeri,Campanula+scheuchzeri
Pipistrellus pipistrellus,Common Pipistrelle
Spergula morisonii,Pearlwort Spurrey
Diphasiastrum tristachyum,Diphasiastrum+tristachyum
Eriophorum latifolium,Broad leaved Cottongrass
Galeopsis angustifolia,Red Hemp-nettle
Haemopis spec.,Haemopis+spec.
Cetraria islandica,True Iceland lichen
Pulsatilla vulgaris,Pasqueflower
Larus fuscus fuscus,Baltic Gull
Motacilla flava thunbergi,Grey-headed Wagtail
